{
  "sampler": "SEO_ParallelTempering",
  "wall_time_s": 0.4797274010002184,
  "kernel_type": "mala",
  "num_chains": 15,
  "num_warmup": 0,
  "num_samples": 10000,
  "beta_schedule": [
    0.0,
    0.011048543456039795,
    0.015624999999999988,
    0.022097086912079594,
    0.03124999999999998,
    0.044194173824159196,
    0.062499999999999965,
    0.0883883476483184,
    0.12499999999999994,
    0.1767766952966368,
    0.24999999999999994,
    0.3535533905932737,
    0.49999999999999994,
    0.7071067811865475,
    1.0
  ],
  "step_sizes": [
    0.5,
    0.47500000000000003,
    0.45,
    0.425,
    0.4,
    0.375,
    0.35,
    0.325,
    0.3,
    0.275,
    0.25000000000000006,
    0.22499999999999998,
    0.2,
    0.17500000000000002,
    0.15
  ],
  "mean_swap_rejection_rates": [
    0.17437894367073636,
    0.05094795419083483,
    0.05724863902891672,
    0.0628874477801759,
    0.06899980553909872,
    0.07931988672725844,
    0.08470078678440807,
    0.08747544861182487,
    0.09552529810059883,
    0.10614836424399274,
    0.11915222456502493,
    0.1373250137591851,
    0.15550874082831556,
    0.1723727484738962
  ],
  "gradient_evals": 150000,
  "bulk_ess_per_gradient_evals": 0.004353333333333333,
  "mode_weights": [
    0.1788,
    0.0832,
    0.163,
    0.0708,
    0.16,
    0.0662,
    0.1924,
    0.0856
  ],
  "true_mode_weights": [
    0.17499999701976776,
    0.07500000298023224,
    0.17499999701976776,
    0.07500000298023224,
    0.17499999701976776,
    0.07500000298023224,
    0.17499999701976776,
    0.07500000298023224
  ],
  "inter_mode_transitions_cold_chain": 3532,
  "cold_chain_stuck": false,
  "arviz_summary": {
    "mean": {
      "x1": 0.307,
      "x2": -0.234
    },
    "sd": {
      "x1": 4.982,
      "x2": 5.111
    },
    "hdi_3%": {
      "x1": -8.009,
      "x2": -8.12
    },
    "hdi_97%": {
      "x1": 7.8,
      "x2": 7.879
    },
    "mcse_mean": {
      "x1": 0.268,
      "x2": 0.32
    },
    "mcse_sd": {
      "x1": 0.135,
      "x2": 0.125
    },
    "ess_bulk": {
      "x1": 368.0,
      "x2": 285.0
    },
    "ess_tail": {
      "x1": 1058.0,
      "x2": 1342.0
    },
    "r_hat": {
      "x1": null,
      "x2": null
    }
  }
}