{
  "sampler": "SEO_ParallelTempering",
  "wall_time_s": 0.2524432810023427,
  "wall_time_core_s": 0.2524432810023427,
  "wall_time_total_s": 2.725790653988952,
  "kernel_type": "rwmh",
  "num_chains": 8,
  "num_warmup": 250,
  "num_samples": 2500,
  "beta_schedule": [
    0.0,
    0.12499999999999996,
    0.17677669529663684,
    0.24999999999999992,
    0.35355339059327373,
    0.49999999999999994,
    0.7071067811865475,
    1.0
  ],
  "step_sizes": [
    Infinity,
    27.48187281342619,
    23.109408333268597,
    19.432618626079883,
    16.340819341663135,
    13.740936406713095,
    11.554704166634298,
    9.71630931303994
  ],
  "mean_swap_rejection_rates": [
    0.2498470480950814,
    0.08104859104783911,
    0.10620548980713114,
    0.11013000201134378,
    0.12514013650399375,
    0.1512176276083445,
    0.1903149711929665
  ],
  "log_density_evals": 22000,
  "bulk_ess_per_log_density_evals": 0.03704545454545455,
  "mode_weights": [
    0.152,
    0.07,
    0.1672,
    0.0688,
    0.208,
    0.0804,
    0.1668,
    0.0868
  ],
  "true_mode_weights": [
    0.17499999701976776,
    0.07500000298023224,
    0.17499999701976776,
    0.07500000298023224,
    0.17499999701976776,
    0.07500000298023224,
    0.17499999701976776,
    0.07500000298023224
  ],
  "inter_mode_transitions_cold_chain": 1054,
  "cold_chain_stuck": false,
  "arviz_summary": {
    "mean": {
      "x1": -0.374,
      "x2": -0.119
    },
    "sd": {
      "x1": 5.066,
      "x2": 4.984
    },
    "hdi_3%": {
      "x1": -8.057,
      "x2": -7.79
    },
    "hdi_97%": {
      "x1": 7.459,
      "x2": 7.981
    },
    "mcse_mean": {
      "x1": 0.246,
      "x2": 0.261
    },
    "mcse_sd": {
      "x1": 0.119,
      "x2": 0.127
    },
    "ess_bulk": {
      "x1": 429.0,
      "x2": 386.0
    },
    "ess_tail": {
      "x1": 345.0,
      "x2": 187.0
    },
    "r_hat": {
      "x1": null,
      "x2": null
    }
  }
}