{
  "sampler": "NestedSampling_JAXNS",
  "wall_time_s": 1325.463099422981,
  "num_posterior_draws": 5000,
  "num_live_points": 200,
  "log_Z_mean": 1542.0230489327046,
  "log_Z_uncert": 0.5315535548899557,
  "total_likelihood_evals": 702196,
  "total_ns_samples": 4300,
  "likelihood_evals_per_ns_sample": 163.30139534883722,
  "jaxns_ess_kish": 4.3609742786854735,
  "ess_per_likelihood_eval": 6.210480092004901e-06,
  "posterior_means": {
    "spot_lat": 4.690115726253645,
    "spot_long": 5.199069799970253,
    "spot_size": 11.24540681840361,
    "spot_flux": 0.7143127762331503,
    "fac_lat": -23.258812857625262,
    "fac_long": 164.80649600799993,
    "fac_size": 15.152382411968784,
    "fac_flux": 1.1148536882227689,
    "p_rot": 0.5004382120796704,
    "planet_radius": 0.10100346151955562,
    "semimajor_axis": 4.207292847133495,
    "inclination": 90.27339754110369,
    "ecc_h": 0.00857654397959102,
    "ecc_k": -0.0006096586977057002,
    "P_orb": 1.000702506582307,
    "ldc_q1": 0.40912030317770676,
    "ldc_q2": 0.2046920695571778
  },
  "ground_truth": {
    "spot_lat": 5.0,
    "spot_long": 5.0,
    "spot_size": 11.0,
    "spot_flux": 0.7,
    "fac_lat": -20.0,
    "fac_long": 165.0,
    "fac_size": 16.0,
    "fac_flux": 1.1,
    "p_rot": 0.5,
    "planet_radius": 0.1,
    "semimajor_axis": 4.208278345829606,
    "inclination": 90.0,
    "ecc_h": 0.0,
    "ecc_k": 0.0,
    "P_orb": 1.0,
    "ldc_q1": 0.3600000000000001,
    "ldc_q2": 0.3333333333333333
  },
  "param_bias": {
    "spot_lat": -0.30988427374635474,
    "spot_long": 0.1990697999702533,
    "spot_size": 0.24540681840361067,
    "spot_flux": 0.014312776233150304,
    "fac_lat": -3.258812857625262,
    "fac_long": -0.19350399200007473,
    "fac_size": -0.8476175880312162,
    "fac_flux": 0.01485368822276878,
    "p_rot": 0.0004382120796704303,
    "planet_radius": 0.001003461519555618,
    "semimajor_axis": -0.0009854986961110868,
    "inclination": 0.27339754110369086,
    "ecc_h": 0.00857654397959102,
    "ecc_k": -0.0006096586977057002,
    "P_orb": 0.000702506582306972,
    "ldc_q1": 0.04912030317770666,
    "ldc_q2": -0.1286412637761555
  },
  "arviz_summary": {
    "mean": {
      "P_orb": 1.001,
      "ecc_h": 0.009,
      "ecc_k": -0.001,
      "fac_flux": 1.115,
      "fac_lat": -23.259,
      "fac_long": 164.806,
      "fac_size": 15.152,
      "inclination": 90.273,
      "ldc_q1": 0.409,
      "ldc_q2": 0.205,
      "p_rot": 0.5,
      "planet_radius": 0.101,
      "semimajor_axis": 4.207,
      "spot_flux": 0.714,
      "spot_lat": 4.69,
      "spot_long": 5.199,
      "spot_size": 11.245
    },
    "sd": {
      "P_orb": 0.0,
      "ecc_h": 0.002,
      "ecc_k": 0.001,
      "fac_flux": 0.003,
      "fac_lat": 1.137,
      "fac_long": 0.117,
      "fac_size": 0.218,
      "inclination": 0.072,
      "ldc_q1": 0.001,
      "ldc_q2": 0.001,
      "p_rot": 0.0,
      "planet_radius": 0.0,
      "semimajor_axis": 0.005,
      "spot_flux": 0.004,
      "spot_lat": 0.266,
      "spot_long": 0.062,
      "spot_size": 0.08
    },
    "hdi_3%": {
      "P_orb": 1.0,
      "ecc_h": 0.007,
      "ecc_k": -0.002,
      "fac_flux": 1.111,
      "fac_lat": -24.513,
      "fac_long": 164.676,
      "fac_size": 15.005,
      "inclination": 90.173,
      "ldc_q1": 0.408,
      "ldc_q2": 0.202,
      "p_rot": 0.5,
      "planet_radius": 0.101,
      "semimajor_axis": 4.201,
      "spot_flux": 0.706,
      "spot_lat": 4.323,
      "spot_long": 5.104,
      "spot_size": 11.096
    },
    "hdi_97%": {
      "P_orb": 1.001,
      "ecc_h": 0.01,
      "ecc_k": 0.001,
      "fac_flux": 1.118,
      "fac_lat": -22.061,
      "fac_long": 165.126,
      "fac_size": 15.495,
      "inclination": 90.354,
      "ldc_q1": 0.41,
      "ldc_q2": 0.206,
      "p_rot": 0.501,
      "planet_radius": 0.101,
      "semimajor_axis": 4.214,
      "spot_flux": 0.719,
      "spot_lat": 5.018,
      "spot_long": 5.313,
      "spot_size": 11.355
    },
    "mcse_mean": {
      "P_orb": 0.0,
      "ecc_h": 0.0,
      "ecc_k": 0.0,
      "fac_flux": 0.0,
      "fac_lat": 0.016,
      "fac_long": 0.002,
      "fac_size": 0.003,
      "inclination": 0.001,
      "ldc_q1": 0.0,
      "ldc_q2": 0.0,
      "p_rot": 0.0,
      "planet_radius": 0.0,
      "semimajor_axis": 0.0,
      "spot_flux": 0.0,
      "spot_lat": 0.004,
      "spot_long": 0.001,
      "spot_size": 0.001
    },
    "mcse_sd": {
      "P_orb": 0.0,
      "ecc_h": 0.0,
      "ecc_k": 0.0,
      "fac_flux": 0.0,
      "fac_lat": 0.044,
      "fac_long": 0.002,
      "fac_size": 0.005,
      "inclination": 0.001,
      "ldc_q1": 0.0,
      "ldc_q2": 0.0,
      "p_rot": 0.0,
      "planet_radius": 0.0,
      "semimajor_axis": 0.0,
      "spot_flux": 0.0,
      "spot_lat": 0.003,
      "spot_long": 0.001,
      "spot_size": 0.001
    },
    "ess_bulk": {
      "P_orb": 4452.0,
      "ecc_h": 4788.0,
      "ecc_k": 5009.0,
      "fac_flux": 4758.0,
      "fac_lat": 4785.0,
      "fac_long": 4996.0,
      "fac_size": 5029.0,
      "inclination": 5149.0,
      "ldc_q1": 4636.0,
      "ldc_q2": 5195.0,
      "p_rot": 4328.0,
      "planet_radius": 4953.0,
      "semimajor_axis": 4998.0,
      "spot_flux": 4939.0,
      "spot_lat": 4918.0,
      "spot_long": 4827.0,
      "spot_size": 4983.0
    },
    "ess_tail": {
      "P_orb": 4684.0,
      "ecc_h": 4928.0,
      "ecc_k": 4651.0,
      "fac_flux": 5033.0,
      "fac_lat": 4803.0,
      "fac_long": 5054.0,
      "fac_size": 5110.0,
      "inclination": 5192.0,
      "ldc_q1": 4947.0,
      "ldc_q2": 4931.0,
      "p_rot": 4659.0,
      "planet_radius": 4855.0,
      "semimajor_axis": 4878.0,
      "spot_flux": 4943.0,
      "spot_lat": 4792.0,
      "spot_long": 5025.0,
      "spot_size": 4864.0
    },
    "r_hat": {
      "P_orb": null,
      "ecc_h": null,
      "ecc_k": null,
      "fac_flux": null,
      "fac_lat": null,
      "fac_long": null,
      "fac_size": null,
      "inclination": null,
      "ldc_q1": null,
      "ldc_q2": null,
      "p_rot": null,
      "planet_radius": null,
      "semimajor_axis": null,
      "spot_flux": null,
      "spot_lat": null,
      "spot_long": null,
      "spot_size": null
    }
  }
}