{
  "sampler": "NUTS",
  "num_chains": 5,
  "num_warmup": 1000,
  "num_samples": 5000,
  "adapted_step_size": 0.20980678498744965,
  "mean_acceptance_rate": 0.928691565990448,
  "total_grad_evals": 118632,
  "mean_integration_steps": 4.74528,
  "max_integration_steps": 31,
  "tree_depth_saturation": 0.0002,
  "mode_weights": [
    0.13216,
    0.07036,
    0.15092,
    0.10132,
    0.1952,
    0.08556,
    0.18308,
    0.0814
  ],
  "true_mode_weights": [
    0.17499999701976776,
    0.07500000298023224,
    0.17499999701976776,
    0.07500000298023224,
    0.17499999701976776,
    0.07500000298023224,
    0.17499999701976776,
    0.07500000298023224
  ],
  "inter_mode_transitions": [
    196,
    179,
    157,
    199,
    213
  ],
  "stuck_chains": [],
  "bulk_ess_per_grad_eval": 0.0020230629172567267,
  "arviz_summary": {
    "mean": {
      "x1": -0.614,
      "x2": -0.207
    },
    "sd": {
      "x1": 4.984,
      "x2": 5.07
    },
    "hdi_3%": {
      "x1": -7.97,
      "x2": -7.97
    },
    "hdi_97%": {
      "x1": 7.691,
      "x2": 7.856
    },
    "mcse_mean": {
      "x1": 0.489,
      "x2": 0.449
    },
    "mcse_sd": {
      "x1": 0.12,
      "x2": 0.111
    },
    "ess_bulk": {
      "x1": 101.0,
      "x2": 139.0
    },
    "ess_tail": {
      "x1": 573.0,
      "x2": 846.0
    },
    "r_hat": {
      "x1": 1.05,
      "x2": 1.02
    }
  }
}