{
  "sampler": "NUTS",
  "num_chains": 5,
  "num_warmup": 1000,
  "num_samples": 5000,
  "adapted_step_size": 0.5371876955032349,
  "mean_acceptance_rate": 0.9063988327980042,
  "total_grad_evals": 87180,
  "mean_integration_steps": 3.4872,
  "max_integration_steps": 19,
  "tree_depth_saturation": 0.0008,
  "mode_weights": [
    0.23612,
    0.31008,
    0.4538
  ],
  "true_mode_weight": 0.3333333333333333,
  "inter_mode_transitions": [
    3,
    11,
    8,
    8,
    8
  ],
  "stuck_chains": [],
  "bulk_ess_per_grad_eval": 0.0003899977058958477,
  "arviz_summary": {
    "mean": {
      "x1": 0.372,
      "x2": 2.276
    },
    "sd": {
      "x1": 3.806,
      "x2": 2.687
    },
    "hdi_3%": {
      "x1": -6.058,
      "x2": -1.639
    },
    "hdi_97%": {
      "x1": 6.314,
      "x2": 6.478
    },
    "mcse_mean": {
      "x1": 1.31,
      "x2": 0.645
    },
    "mcse_sd": {
      "x1": 0.46,
      "x2": 0.036
    },
    "ess_bulk": {
      "x1": 10.0,
      "x2": 24.0
    },
    "ess_tail": {
      "x1": 49.0,
      "x2": 529.0
    },
    "r_hat": {
      "x1": 1.49,
      "x2": 1.15
    }
  }
}