{
  "sampler": "NUTS",
  "num_chains": 4,
  "num_warmup": 1000,
  "num_samples": 5000,
  "adapted_step_size": 0.2455490529537201,
  "wall_time_s": 3.727534970996203,
  "wall_time_core_s": 3.727534970996203,
  "wall_time_total_s": 10.843518776004203,
  "mean_acceptance_rate": 0.9028021693229675,
  "warmup_grad_evals": 4337,
  "total_grad_evals": 89755,
  "mean_integration_steps": 4.2709,
  "max_integration_steps": 27,
  "tree_depth_saturation": 0.0001,
  "mode_weights": [
    0.2037,
    0.0962,
    0.1907,
    0.07285,
    0.14495,
    0.06155,
    0.154,
    0.07605
  ],
  "true_mode_weights": [
    0.17499999701976776,
    0.07500000298023224,
    0.17499999701976776,
    0.07500000298023224,
    0.17499999701976776,
    0.07500000298023224,
    0.17499999701976776,
    0.07500000298023224
  ],
  "inter_mode_transitions": [
    187,
    176,
    190,
    207
  ],
  "stuck_chains": [],
  "bulk_ess_per_grad_eval": 0.002963623196479305,
  "arviz_summary": {
    "mean": {
      "x1": 0.597,
      "x2": 0.429
    },
    "sd": {
      "x1": 5.025,
      "x2": 5.027
    },
    "hdi_3%": {
      "x1": -7.656,
      "x2": -7.705
    },
    "hdi_97%": {
      "x1": 8.202,
      "x2": 8.145
    },
    "mcse_mean": {
      "x1": 0.411,
      "x2": 0.508
    },
    "mcse_sd": {
      "x1": 0.142,
      "x2": 0.144
    },
    "ess_bulk": {
      "x1": 162.0,
      "x2": 104.0
    },
    "ess_tail": {
      "x1": 637.0,
      "x2": 459.0
    },
    "r_hat": {
      "x1": 1.02,
      "x2": 1.05
    }
  }
}