{
  "sampler": "NUTS",
  "num_chains": 5,
  "num_warmup": 0,
  "num_samples": 5000,
  "adapted_step_size": 0.5,
  "wall_time_s": 2.6933457760001147,
  "mean_acceptance_rate": 0.9745010733604431,
  "warmup_grad_evals": 0,
  "total_grad_evals": 156496,
  "mean_integration_steps": 6.25984,
  "max_integration_steps": 63,
  "tree_depth_saturation": 8e-05,
  "mode_weights": [
    0.164,
    0.0662,
    0.17052,
    0.08924,
    0.1842,
    0.06672,
    0.18308,
    0.07604
  ],
  "true_mode_weights": [
    0.17499999701976776,
    0.07500000298023224,
    0.17499999701976776,
    0.07500000298023224,
    0.17499999701976776,
    0.07500000298023224,
    0.17499999701976776,
    0.07500000298023224
  ],
  "inter_mode_transitions": [
    160,
    183,
    158,
    170,
    168
  ],
  "stuck_chains": [],
  "bulk_ess_per_grad_eval": 0.001885032205295982,
  "arviz_summary": {
    "mean": {
      "x1": -0.22,
      "x2": -0.015
    },
    "sd": {
      "x1": 5.026,
      "x2": 5.074
    },
    "hdi_3%": {
      "x1": -7.996,
      "x2": -7.999
    },
    "hdi_97%": {
      "x1": 7.846,
      "x2": 7.925
    },
    "mcse_mean": {
      "x1": 0.358,
      "x2": 0.604
    },
    "mcse_sd": {
      "x1": 0.124,
      "x2": 0.123
    },
    "ess_bulk": {
      "x1": 214.0,
      "x2": 81.0
    },
    "ess_tail": {
      "x1": 1033.0,
      "x2": 445.0
    },
    "r_hat": {
      "x1": 1.02,
      "x2": 1.06
    }
  }
}