{
  "sampler": "DEO_ParallelTempering",
  "wall_time_s": 0.24505783300264739,
  "wall_time_core_s": 0.24505783300264739,
  "wall_time_total_s": 3.1320261280052364,
  "kernel_type": "rwmh",
  "num_chains": 8,
  "num_warmup": 250,
  "num_samples": 2500,
  "beta_schedule": [
    0.0,
    0.12499999999999996,
    0.17677669529663684,
    0.24999999999999992,
    0.35355339059327373,
    0.49999999999999994,
    0.7071067811865475,
    1.0
  ],
  "step_sizes": [
    Infinity,
    27.48187281342619,
    23.109408333268597,
    19.432618626079883,
    16.340819341663135,
    13.740936406713095,
    11.554704166634298,
    9.71630931303994
  ],
  "mean_swap_rejection_rates": [
    0.23014391505836918,
    0.08408690497433498,
    0.09948083209525871,
    0.11721679103781026,
    0.137793306802997,
    0.14474270163003686,
    0.17544992442438065
  ],
  "log_density_evals": 22000,
  "bulk_ess_per_log_density_evals": 0.04868181818181818,
  "mode_weights": [
    0.2072,
    0.0736,
    0.1708,
    0.0696,
    0.134,
    0.0912,
    0.1664,
    0.0872
  ],
  "true_mode_weights": [
    0.17499999701976776,
    0.07500000298023224,
    0.17499999701976776,
    0.07500000298023224,
    0.17499999701976776,
    0.07500000298023224,
    0.17499999701976776,
    0.07500000298023224
  ],
  "inter_mode_transitions_cold_chain": 1020,
  "cold_chain_stuck": false,
  "arviz_summary": {
    "mean": {
      "x1": 0.521,
      "x2": -0.158
    },
    "sd": {
      "x1": 5.044,
      "x2": 4.989
    },
    "hdi_3%": {
      "x1": -7.661,
      "x2": -7.745
    },
    "hdi_97%": {
      "x1": 8.004,
      "x2": 7.843
    },
    "mcse_mean": {
      "x1": 0.238,
      "x2": 0.184
    },
    "mcse_sd": {
      "x1": 0.102,
      "x2": 0.109
    },
    "ess_bulk": {
      "x1": 399.0,
      "x2": 672.0
    },
    "ess_tail": {
      "x1": 273.0,
      "x2": 540.0
    },
    "r_hat": {
      "x1": null,
      "x2": null
    }
  }
}