{
  "sampler": "DEO_ParallelTempering",
  "wall_time_s": 0.8523116840001421,
  "kernel_type": "mala",
  "num_chains": 15,
  "num_warmup": 0,
  "num_samples": 10000,
  "beta_schedule": [
    0.0,
    0.011048543456039795,
    0.015624999999999988,
    0.022097086912079594,
    0.03124999999999998,
    0.044194173824159196,
    0.062499999999999965,
    0.0883883476483184,
    0.12499999999999994,
    0.1767766952966368,
    0.24999999999999994,
    0.3535533905932737,
    0.49999999999999994,
    0.7071067811865475,
    1.0
  ],
  "step_sizes": [
    0.5,
    0.47500000000000003,
    0.45,
    0.425,
    0.4,
    0.375,
    0.35,
    0.325,
    0.3,
    0.275,
    0.25000000000000006,
    0.22499999999999998,
    0.2,
    0.17500000000000002,
    0.15
  ],
  "mean_swap_rejection_rates": [
    0.1641854733239319,
    0.04733087134716783,
    0.05353919355749713,
    0.06371996911359074,
    0.07024323901199796,
    0.07860244458026255,
    0.086440837576169,
    0.09405366487910578,
    0.10161529799015508,
    0.11267360011782512,
    0.12540920064256753,
    0.1346913961397095,
    0.15565355361016694,
    0.1768343461251998
  ],
  "gradient_evals": 150000,
  "bulk_ess_per_gradient_evals": 0.01166,
  "mode_weights": [
    0.1871,
    0.0718,
    0.1799,
    0.076,
    0.1647,
    0.071,
    0.1694,
    0.0801
  ],
  "true_mode_weights": [
    0.17499999701976776,
    0.07500000298023224,
    0.17499999701976776,
    0.07500000298023224,
    0.17499999701976776,
    0.07500000298023224,
    0.17499999701976776,
    0.07500000298023224
  ],
  "inter_mode_transitions_cold_chain": 3579,
  "cold_chain_stuck": false,
  "arviz_summary": {
    "mean": {
      "x1": 0.225,
      "x2": 0.031
    },
    "sd": {
      "x1": 5.031,
      "x2": 5.052
    },
    "hdi_3%": {
      "x1": -7.729,
      "x2": -7.995
    },
    "hdi_97%": {
      "x1": 8.057,
      "x2": 7.905
    },
    "mcse_mean": {
      "x1": 0.25,
      "x2": 0.15
    },
    "mcse_sd": {
      "x1": 0.071,
      "x2": 0.073
    },
    "ess_bulk": {
      "x1": 530.0,
      "x2": 1219.0
    },
    "ess_tail": {
      "x1": 3152.0,
      "x2": 2145.0
    },
    "r_hat": {
      "x1": null,
      "x2": null
    }
  }
}