{
  "sampler": "RandomWalkMetropolisHastings",
  "num_chains": 10,
  "num_warmup": 0,
  "num_samples": 10000,
  "adapted_step_size": 1.68,
  "mean_acceptance_rate": 0.03201820328831673,
  "total_log_density_evals": 100000,
  "wall_time_s": 1.5851127159999123,
  "bulk_ess_per_logp_eval": 0.0076,
  "mode_weights": [
    0.19363,
    0.07924,
    0.17381,
    0.08833,
    0.14849,
    0.06016,
    0.18392,
    0.07242
  ],
  "true_mode_weights": [
    0.17499999701976776,
    0.07500000298023224,
    0.17499999701976776,
    0.07500000298023224,
    0.17499999701976776,
    0.07500000298023224,
    0.17499999701976776,
    0.07500000298023224
  ],
  "inter_mode_transitions": [
    226,
    284,
    268,
    269,
    364,
    230,
    222,
    329,
    312,
    272
  ],
  "stuck_chains": [],
  "arviz_summary": {
    "mean": {
      "x1": 0.242,
      "x2": 0.12
    },
    "sd": {
      "x1": 3.77,
      "x2": 3.792
    },
    "hdi_3%": {
      "x1": -5.549,
      "x2": -6.001
    },
    "hdi_97%": {
      "x1": 6.37,
      "x2": 6.15
    },
    "mcse_mean": {
      "x1": 0.169,
      "x2": 0.174
    },
    "mcse_sd": {
      "x1": 0.085,
      "x2": 0.085
    },
    "ess_bulk": {
      "x1": 392.0,
      "x2": 368.0
    },
    "ess_tail": {
      "x1": 181.0,
      "x2": 180.0
    },
    "r_hat": {
      "x1": 1.02,
      "x2": 1.04
    }
  }
}