{
  "sampler": "RandomWalkMetropolisHastings",
  "num_chains": 5,
  "num_warmup": 1000,
  "num_samples": 5000,
  "adapted_step_size": 0.5,
  "mean_acceptance_rate": 0.12071023136377335,
  "total_log_density_evals": 25000,
  "bulk_ess_per_logp_eval": 0.00368,
  "mode_weights": [
    0.1234,
    0.0474,
    0.1448,
    0.0768,
    0.2036,
    0.0492,
    0.2682,
    0.0866
  ],
  "true_mode_weights": [
    0.17499999701976776,
    0.07500000298023224,
    0.17499999701976776,
    0.07500000298023224,
    0.17499999701976776,
    0.07500000298023224,
    0.17499999701976776,
    0.07500000298023224
  ],
  "inter_mode_transitions": [
    128,
    88,
    92,
    144,
    67
  ],
  "stuck_chains": [],
  "arviz_summary": {
    "mean": {
      "x1": -0.06,
      "x2": -0.257
    },
    "sd": {
      "x1": 0.975,
      "x2": 1.134
    },
    "hdi_3%": {
      "x1": -1.67,
      "x2": -2.11
    },
    "hdi_97%": {
      "x1": 1.486,
      "x2": 1.423
    },
    "mcse_mean": {
      "x1": 0.11,
      "x2": 0.335
    },
    "mcse_sd": {
      "x1": 0.109,
      "x2": 0.153
    },
    "ess_bulk": {
      "x1": 80.0,
      "x2": 12.0
    },
    "ess_tail": {
      "x1": 44.0,
      "x2": 6.0
    },
    "r_hat": {
      "x1": 1.35,
      "x2": 1.37
    }
  }
}