{
  "sampler": "RandomWalkMetropolisHastings",
  "num_chains": 4,
  "num_warmup": 500,
  "num_samples": 10000,
  "adapted_step_size": 9.716309313039938,
  "mean_acceptance_rate": 0.11840451508760452,
  "total_log_density_evals": 42000,
  "wall_time_s": 0.40479626299929805,
  "wall_time_core_s": 0.40479626299929805,
  "wall_time_total_s": 3.3807082650018856,
  "bulk_ess_per_logp_eval": 0.09171428571428572,
  "mode_weights": [
    0.17575,
    0.068125,
    0.17025,
    0.075925,
    0.19335,
    0.0741,
    0.152175,
    0.090325
  ],
  "true_mode_weights": [
    0.17499999701976776,
    0.07500000298023224,
    0.17499999701976776,
    0.07500000298023224,
    0.17499999701976776,
    0.07500000298023224,
    0.17499999701976776,
    0.07500000298023224
  ],
  "inter_mode_transitions": [
    1071,
    972,
    1020,
    1046
  ],
  "stuck_chains": [],
  "arviz_summary": {
    "mean": {
      "x1": -0.112,
      "x2": 0.027
    },
    "sd": {
      "x1": 5.106,
      "x2": 4.874
    },
    "hdi_3%": {
      "x1": -7.951,
      "x2": -7.923
    },
    "hdi_97%": {
      "x1": 7.814,
      "x2": 7.73
    },
    "mcse_mean": {
      "x1": 0.118,
      "x2": 0.108
    },
    "mcse_sd": {
      "x1": 0.049,
      "x2": 0.052
    },
    "ess_bulk": {
      "x1": 1783.0,
      "x2": 2069.0
    },
    "ess_tail": {
      "x1": 1422.0,
      "x2": 1932.0
    },
    "r_hat": {
      "x1": 1.0,
      "x2": 1.0
    }
  }
}