{
  "sampler": "DEO_ParallelTempering",
  "kernel": "rwmh",
  "num_chains": 15,
  "num_warmup": 500,
  "num_samples": 2000,
  "ndim": 17,
  "step_size_hot": 5.0,
  "step_size_cold": 1.0,
  "annealing_base": 1.4142135623730951,
  "reference_distribution": "joint_prior",
  "beta_schedule": [
    0.0,
    0.011048546060919762,
    0.0156250037252903,
    0.022097092121839523,
    0.0312500037252903,
    0.04419418051838875,
    0.0625000074505806,
    0.0883883610367775,
    0.1250000149011612,
    0.1767767071723938,
    0.2500000298023224,
    0.3535534143447876,
    0.5,
    0.7071067690849304,
    1.0
  ],
  "step_sizes": [
    5.0,
    4.714285850524902,
    4.4285712242126465,
    4.142857074737549,
    3.8571431636810303,
    3.5714285373687744,
    3.2857141494750977,
    3.0,
    2.7142856121063232,
    2.4285712242126465,
    2.142857074737549,
    1.857142686843872,
    1.5714282989501953,
    1.2857141494750977,
    1.0
  ],
  "rwmh_proposal_scale": [
    29.994003295898438,
    59.988006591796875,
    14.830368041992188,
    0.3166033923625946,
    29.994003295898438,
    59.988006591796875,
    14.830368041992188,
    0.3166033923625946,
    0.6237592697143555,
    0.03485923632979393,
    1.7429618835449219,
    3.332667112350464,
    0.0813087448477745,
    59.988006591796875,
    0.00028861741884611547,
    2.886174201965332,
    2.886174201965332
  ],
  "mean_swap_rejection_rates": [
    1.0,
    1.0,
    0.9756430983543396,
    0.9976788759231567,
    0.9360159635543823,
    0.7863826751708984,
    0.6797982454299927,
    0.9979492425918579,
    0.9994984865188599,
    0.9975000619888306,
    0.9975000619888306,
    0.9410000443458557,
    0.8520000576972961,
    0.9980000257492065
  ],
  "log_density_evals": 37500,
  "wall_time_s": 71.6710465339711,
  "total_bulk_ess": 37.0,
  "bulk_ess_per_log_density_evals": 0.0009866666666666667,
  "posterior_means": {
    "spot_lat": -17.966289520263672,
    "spot_long": -75.97236633300781,
    "spot_size": -2.3293421268463135,
    "spot_flux": 0.4034824073314667,
    "fac_lat": -17.408336639404297,
    "fac_long": 19.72283935546875,
    "fac_size": -4.267663478851318,
    "fac_flux": 0.25547510385513306,
    "p_rot": 0.5164943933486938,
    "planet_radius": 0.07383861392736435,
    "semimajor_axis": 5.584929943084717,
    "inclination": -1.169468879699707,
    "eccentricity": 0.16123515367507935,
    "arg_periapsis": 141.26116943359375,
    "P_orb": 0.0001895281602628529,
    "LDC_u1": 4.487946510314941,
    "LDC_u2": 0.1325979381799698
  },
  "ground_truth": {
    "spot_lat": 5.0,
    "spot_long": 5.0,
    "spot_size": 11.0,
    "spot_flux": 0.7,
    "fac_lat": -20.0,
    "fac_long": 165.0,
    "fac_size": 16.0,
    "fac_flux": 1.1,
    "p_rot": 0.5,
    "planet_radius": 0.1,
    "semimajor_axis": 4.208278345829606,
    "inclination": 90.0,
    "eccentricity": 0.0,
    "arg_periapsis": 0.0,
    "P_orb": 1.0,
    "LDC_u1": 0.4,
    "LDC_u2": 0.2
  },
  "param_bias": {
    "spot_lat": -22.966289520263672,
    "spot_long": -80.97236633300781,
    "spot_size": -13.329342126846313,
    "spot_flux": -0.2965175926685333,
    "fac_lat": 2.591663360595703,
    "fac_long": -145.27716064453125,
    "fac_size": -20.26766347885132,
    "fac_flux": -0.844524896144867,
    "p_rot": 0.016494393348693848,
    "planet_radius": -0.026161386072635656,
    "semimajor_axis": 1.376651597255111,
    "inclination": -91.1694688796997,
    "eccentricity": 0.16123515367507935,
    "arg_periapsis": 141.26116943359375,
    "P_orb": -0.9998104718397371,
    "LDC_u1": 4.087946510314941,
    "LDC_u2": -0.06740206182003022
  },
  "arviz_summary": {
    "mean": {
      "LDC_u1": 4.488,
      "LDC_u2": 0.133,
      "P_orb": 0.0,
      "arg_periapsis": 141.261,
      "eccentricity": 0.161,
      "fac_flux": 0.255,
      "fac_lat": -17.408,
      "fac_long": 19.722,
      "fac_size": -4.268,
      "inclination": -1.169,
      "p_rot": 0.516,
      "planet_radius": 0.074,
      "semimajor_axis": 5.585,
      "spot_flux": 0.403,
      "spot_lat": -17.966,
      "spot_long": -75.972,
      "spot_size": -2.329
    },
    "sd": {
      "LDC_u1": 3.278,
      "LDC_u2": 2.574,
      "P_orb": 0.0,
      "arg_periapsis": 57.42,
      "eccentricity": 0.06,
      "fac_flux": 0.341,
      "fac_lat": 36.016,
      "fac_long": 80.205,
      "fac_size": 6.211,
      "inclination": 2.665,
      "p_rot": 0.355,
      "planet_radius": 0.074,
      "semimajor_axis": 3.057,
      "spot_flux": 0.541,
      "spot_lat": 48.753,
      "spot_long": 73.863,
      "spot_size": 8.061
    },
    "hdi_3%": {
      "LDC_u1": -0.712,
      "LDC_u2": -3.459,
      "P_orb": 0.0,
      "arg_periapsis": 27.756,
      "eccentricity": 0.054,
      "fac_flux": -0.233,
      "fac_lat": -45.435,
      "fac_long": -37.472,
      "fac_size": -13.436,
      "inclination": -3.17,
      "p_rot": 0.059,
      "planet_radius": 0.021,
      "semimajor_axis": 1.754,
      "spot_flux": -0.41,
      "spot_lat": -54.424,
      "spot_long": -144.631,
      "spot_size": -4.764
    },
    "hdi_97%": {
      "LDC_u1": 6.063,
      "LDC_u2": 1.918,
      "P_orb": 0.0,
      "arg_periapsis": 181.86,
      "eccentricity": 0.202,
      "fac_flux": 0.493,
      "fac_lat": 42.357,
      "fac_long": 136.129,
      "fac_size": 0.045,
      "inclination": 2.267,
      "p_rot": 0.486,
      "planet_radius": 0.183,
      "semimajor_axis": 7.993,
      "spot_flux": 0.82,
      "spot_lat": 49.263,
      "spot_long": 17.485,
      "spot_size": 0.014
    },
    "mcse_mean": {
      "LDC_u1": 0.655,
      "LDC_u2": 1.772,
      "P_orb": 0.0,
      "arg_periapsis": 36.836,
      "eccentricity": 0.05,
      "fac_flux": 0.244,
      "fac_lat": 26.884,
      "fac_long": 65.51,
      "fac_size": 4.913,
      "inclination": 1.856,
      "p_rot": 0.119,
      "planet_radius": 0.056,
      "semimajor_axis": 2.402,
      "spot_flux": 0.403,
      "spot_lat": 35.654,
      "spot_long": 61.334,
      "spot_size": 2.194
    },
    "mcse_sd": {
      "LDC_u1": 1.525,
      "LDC_u2": 0.683,
      "P_orb": 0.0,
      "arg_periapsis": 9.903,
      "eccentricity": 0.014,
      "fac_flux": 0.099,
      "fac_lat": 5.337,
      "fac_long": 22.107,
      "fac_size": 1.855,
      "inclination": 0.349,
      "p_rot": 0.204,
      "planet_radius": 0.023,
      "semimajor_axis": 0.61,
      "spot_flux": 0.087,
      "spot_lat": 10.537,
      "spot_long": 18.857,
      "spot_size": 5.122
    },
    "ess_bulk": {
      "LDC_u1": 2.0,
      "LDC_u2": 3.0,
      "P_orb": 2.0,
      "arg_periapsis": 2.0,
      "eccentricity": 2.0,
      "fac_flux": 3.0,
      "fac_lat": 2.0,
      "fac_long": 2.0,
      "fac_size": 2.0,
      "inclination": 2.0,
      "p_rot": 2.0,
      "planet_radius": 2.0,
      "semimajor_axis": 2.0,
      "spot_flux": 2.0,
      "spot_lat": 2.0,
      "spot_long": 2.0,
      "spot_size": 3.0
    },
    "ess_tail": {
      "LDC_u1": 29.0,
      "LDC_u2": 2.0,
      "P_orb": 2.0,
      "arg_periapsis": 29.0,
      "eccentricity": 1.0,
      "fac_flux": 2.0,
      "fac_lat": 2.0,
      "fac_long": 1.0,
      "fac_size": 2.0,
      "inclination": 2.0,
      "p_rot": 1.0,
      "planet_radius": 2.0,
      "semimajor_axis": 1.0,
      "spot_flux": 29.0,
      "spot_lat": 2.0,
      "spot_long": 1.0,
      "spot_size": 29.0
    },
    "r_hat": {
      "LDC_u1": null,
      "LDC_u2": null,
      "P_orb": null,
      "arg_periapsis": null,
      "eccentricity": null,
      "fac_flux": null,
      "fac_lat": null,
      "fac_long": null,
      "fac_size": null,
      "inclination": null,
      "p_rot": null,
      "planet_radius": null,
      "semimajor_axis": null,
      "spot_flux": null,
      "spot_lat": null,
      "spot_long": null,
      "spot_size": null
    }
  }
}