{
  "sampler": "DEO_ParallelTempering",
  "kernel": "rwmh",
  "num_chains": 15,
  "num_warmup": 500,
  "num_samples": 2000,
  "ndim": 17,
  "step_size_hot": 0.5,
  "step_size_cold": 0.002,
  "annealing_base": 1.4142135623730951,
  "reference_distribution": "joint_prior",
  "beta_schedule": [
    0.0,
    0.011048546060919762,
    0.0156250037252903,
    0.022097092121839523,
    0.0312500037252903,
    0.04419418051838875,
    0.0625000074505806,
    0.0883883610367775,
    0.1250000149011612,
    0.1767767071723938,
    0.2500000298023224,
    0.3535534143447876,
    0.5,
    0.7071067690849304,
    1.0
  ],
  "step_sizes": [
    0.5,
    0.46442854404449463,
    0.42885714769363403,
    0.39328569173812866,
    0.35771429538726807,
    0.3221428394317627,
    0.2865714132785797,
    0.25099998712539673,
    0.21542856097221375,
    0.17985711991786957,
    0.14428570866584778,
    0.1087142676115036,
    0.07314282655715942,
    0.037571411579847336,
    0.0020000000949949026
  ],
  "rwmh_proposal_scale": [
    0.3332667052745819,
    0.3332667052745819,
    0.3332667052745819,
    0.11544697731733322,
    1.666333556175232,
    1.666333556175232,
    0.3332667052745819,
    0.11544697731733322,
    0.05772348865866661,
    0.009148984216153622,
    0.3332667052745819,
    0.3332667052745819,
    0.003332667052745819,
    0.003332667052745819,
    0.00028861741884611547,
    0.16663335263729095,
    0.16663335263729095
  ],
  "mean_swap_rejection_rates": [
    1.0,
    0.7679596543312073,
    0.9790802597999573,
    0.9107309579849243,
    0.841945469379425,
    0.9855873584747314,
    0.992253839969635,
    0.999000072479248,
    0.9980000257492065,
    0.9985000491142273,
    0.9985000491142273,
    0.999500036239624,
    0.9983726143836975,
    0.999000072479248
  ],
  "log_density_evals": 37500,
  "wall_time_s": 45.8990446170792,
  "total_bulk_ess": 90.0,
  "bulk_ess_per_log_density_evals": 0.0024,
  "posterior_means": {
    "spot_lat": 4.15046501159668,
    "spot_long": 5.553365230560303,
    "spot_size": 11.921192169189453,
    "spot_flux": 0.7476485371589661,
    "fac_lat": -21.480575561523438,
    "fac_long": 165.85597229003906,
    "fac_size": 16.401288986206055,
    "fac_flux": 1.100551724433899,
    "p_rot": 0.5126319527626038,
    "planet_radius": 0.10449948906898499,
    "impact_param": 0.05930960550904274,
    "inclination": 91.01290130615234,
    "ecc_h": 0.003487982787191868,
    "ecc_k": 0.00475325807929039,
    "P_orb": 1.0005958080291748,
    "ldc_q1": 0.1520848274230957,
    "ldc_q2": 0.4465058147907257
  },
  "ground_truth": {
    "spot_lat": 5.0,
    "spot_long": 5.0,
    "spot_size": 11.0,
    "spot_flux": 0.7,
    "fac_lat": -20.0,
    "fac_long": 165.0,
    "fac_size": 16.0,
    "fac_flux": 1.1,
    "p_rot": 0.5,
    "planet_radius": 0.1,
    "impact_param": 1.8394968037682702e-07,
    "inclination": 90.0,
    "ecc_h": 0.0,
    "ecc_k": 0.0,
    "P_orb": 1.0,
    "ldc_q1": 0.3600000000000001,
    "ldc_q2": 0.3333333333333333
  },
  "param_bias": {
    "spot_lat": -0.8495349884033203,
    "spot_long": 0.5533652305603027,
    "spot_size": 0.9211921691894531,
    "spot_flux": 0.04764853715896611,
    "fac_lat": -1.4805755615234375,
    "fac_long": 0.8559722900390625,
    "fac_size": 0.4012889862060547,
    "fac_flux": 0.000551724433898837,
    "p_rot": 0.01263195276260376,
    "planet_radius": 0.00449948906898498,
    "impact_param": 0.05930942155936236,
    "inclination": 1.0129013061523438,
    "ecc_h": 0.003487982787191868,
    "ecc_k": 0.00475325807929039,
    "P_orb": 0.0005958080291748047,
    "ldc_q1": -0.2079151725769044,
    "ldc_q2": 0.1131724814573924
  },
  "arviz_summary": {
    "mean": {
      "P_orb": 1.001,
      "ecc_h": 0.003,
      "ecc_k": 0.005,
      "fac_flux": 1.101,
      "fac_lat": -21.481,
      "fac_long": 165.854,
      "fac_size": 16.401,
      "impact_param": 0.059,
      "inclination": 91.012,
      "ldc_q1": 0.152,
      "ldc_q2": 0.447,
      "p_rot": 0.513,
      "planet_radius": 0.104,
      "spot_flux": 0.748,
      "spot_lat": 4.15,
      "spot_long": 5.553,
      "spot_size": 11.921
    },
    "sd": {
      "P_orb": 0.0,
      "ecc_h": 0.003,
      "ecc_k": 0.001,
      "fac_flux": 0.004,
      "fac_lat": 1.054,
      "fac_long": 0.21,
      "fac_size": 0.338,
      "impact_param": 0.047,
      "inclination": 0.138,
      "ldc_q1": 0.067,
      "ldc_q2": 0.004,
      "p_rot": 0.003,
      "planet_radius": 0.001,
      "spot_flux": 0.019,
      "spot_lat": 0.372,
      "spot_long": 0.078,
      "spot_size": 0.569
    },
    "hdi_3%": {
      "P_orb": 1.0,
      "ecc_h": 0.002,
      "ecc_k": 0.001,
      "fac_flux": 1.091,
      "fac_lat": -23.943,
      "fac_long": 165.372,
      "fac_size": 16.251,
      "impact_param": -0.05,
      "inclination": 90.69,
      "ldc_q1": 0.12,
      "ldc_q2": 0.438,
      "p_rot": 0.508,
      "planet_radius": 0.104,
      "spot_flux": 0.702,
      "spot_lat": 3.981,
      "spot_long": 5.503,
      "spot_size": 10.594
    },
    "hdi_97%": {
      "P_orb": 1.001,
      "ecc_h": 0.009,
      "ecc_k": 0.006,
      "fac_flux": 1.103,
      "fac_lat": -21.007,
      "fac_long": 165.985,
      "fac_size": 17.191,
      "impact_param": 0.081,
      "inclination": 91.088,
      "ldc_q1": 0.309,
      "ldc_q2": 0.45,
      "p_rot": 0.516,
      "planet_radius": 0.106,
      "spot_flux": 0.758,
      "spot_lat": 5.02,
      "spot_long": 5.735,
      "spot_size": 12.178
    },
    "mcse_mean": {
      "P_orb": 0.0,
      "ecc_h": 0.001,
      "ecc_k": 0.001,
      "fac_flux": 0.002,
      "fac_lat": 0.446,
      "fac_long": 0.124,
      "fac_size": 0.147,
      "impact_param": 0.019,
      "inclination": 0.051,
      "ldc_q1": 0.032,
      "ldc_q2": 0.002,
      "p_rot": 0.003,
      "planet_radius": 0.0,
      "spot_flux": 0.007,
      "spot_lat": 0.169,
      "spot_long": 0.029,
      "spot_size": 0.255
    },
    "mcse_sd": {
      "P_orb": 0.0,
      "ecc_h": 0.001,
      "ecc_k": 0.001,
      "fac_flux": 0.001,
      "fac_lat": 0.425,
      "fac_long": 0.071,
      "fac_size": 0.135,
      "impact_param": 0.019,
      "inclination": 0.06,
      "ldc_q1": 0.026,
      "ldc_q2": 0.001,
      "p_rot": 0.0,
      "planet_radius": 0.0,
      "spot_flux": 0.008,
      "spot_lat": 0.145,
      "spot_long": 0.036,
      "spot_size": 0.223
    },
    "ess_bulk": {
      "P_orb": 8.0,
      "ecc_h": 9.0,
      "ecc_k": 9.0,
      "fac_flux": 2.0,
      "fac_lat": 7.0,
      "fac_long": 4.0,
      "fac_size": 1.0,
      "impact_param": 8.0,
      "inclination": 7.0,
      "ldc_q1": 1.0,
      "ldc_q2": 2.0,
      "p_rot": 1.0,
      "planet_radius": 9.0,
      "spot_flux": 7.0,
      "spot_lat": 3.0,
      "spot_long": 9.0,
      "spot_size": 3.0
    },
    "ess_tail": {
      "P_orb": 7.0,
      "ecc_h": 18.0,
      "ecc_k": 16.0,
      "fac_flux": 15.0,
      "fac_lat": 22.0,
      "fac_long": 20.0,
      "fac_size": 10.0,
      "impact_param": 15.0,
      "inclination": 12.0,
      "ldc_q1": 15.0,
      "ldc_q2": 24.0,
      "p_rot": 11.0,
      "planet_radius": 26.0,
      "spot_flux": 19.0,
      "spot_lat": 41.0,
      "spot_long": 20.0,
      "spot_size": 21.0
    },
    "r_hat": {
      "P_orb": null,
      "ecc_h": null,
      "ecc_k": null,
      "fac_flux": null,
      "fac_lat": null,
      "fac_long": null,
      "fac_size": null,
      "impact_param": null,
      "inclination": null,
      "ldc_q1": null,
      "ldc_q2": null,
      "p_rot": null,
      "planet_radius": null,
      "spot_flux": null,
      "spot_lat": null,
      "spot_long": null,
      "spot_size": null
    }
  }
}