{
  "sampler": "AdaptiveTemperedSMC",
  "num_particles": 250,
  "target_ess": 0.75,
  "num_mcmc_steps_per_iter": 25,
  "sigma_factor": 1.0,
  "ndim": 17,
  "wall_time_s": 181.4574906299822,
  "num_smc_steps": 90,
  "final_tempering_param": 1.0,
  "log_normalizing_constant": 1406.7904658317566,
  "final_ess": 109.85563659667969,
  "total_log_density_evals": 607500,
  "total_bulk_ess": 1144.0,
  "bulk_ess_per_logp_eval": 0.001883127572016461,
  "tempering_schedule": [
    0.0,
    2.1215237211436033e-07,
    2.1215885226411046e-07,
    4.334497702984663e-07,
    7.048137717902137e-07,
    1.0966965646730387e-06,
    1.422659124727943e-06,
    1.932266513904324e-06,
    2.7216192393098027e-06,
    3.722555447893683e-06,
    4.8840270210348535e-06,
    6.589037184312474e-06,
    8.087641617748886e-06,
    1.04070822999347e-05,
    1.2833152140956372e-05,
    1.556398819957394e-05,
    1.9171409803675488e-05,
    2.301886343047954e-05,
    2.7477934054331854e-05,
    3.310110332677141e-05,
    3.9759841456543654e-05,
    4.7804285713937134e-05,
    5.8441342844162136e-05,
    7.271395588759333e-05,
    8.858813089318573e-05,
    0.00010697825928218663,
    0.00012585600779857486,
    0.00015073968097567558,
    0.00018586759688332677,
    0.0002182846365030855,
    0.0002517751418054104,
    0.000309063121676445,
    0.0003717552754096687,
    0.0004263104929123074,
    0.0004870962002314627,
    0.0005532400100491941,
    0.000638621102552861,
    0.0007308375788852572,
    0.0008440632373094559,
    0.0010079715866595507,
    0.0011726123047992587,
    0.001345724449492991,
    0.0015215000603348017,
    0.0018341566901654005,
    0.0021775932982563972,
    0.002542531117796898,
    0.0029781439807265997,
    0.003489692695438862,
    0.004107536748051643,
    0.004770764149725437,
    0.005636365618556738,
    0.006774561479687691,
    0.008245110511779785,
    0.009849797934293747,
    0.011999453417956829,
    0.014338305220007896,
    0.016668330878019333,
    0.019180169329047203,
    0.02220730111002922,
    0.026264123618602753,
    0.03060731291770935,
    0.035199228674173355,
    0.04071756452322006,
    0.04634018987417221,
    0.05177342891693115,
    0.05692748352885246,
    0.06264396756887436,
    0.06896675378084183,
    0.0760309025645256,
    0.08413586020469666,
    0.09341524541378021,
    0.10416292399168015,
    0.11568450927734375,
    0.128403902053833,
    0.1411248743534088,
    0.1568218618631363,
    0.17742978036403656,
    0.1971229612827301,
    0.22188515961170197,
    0.24522171914577484,
    0.27110904455184937,
    0.29726240038871765,
    0.32911217212677,
    0.3660086393356323,
    0.4234960079193115,
    0.5033441185951233,
    0.6250526905059814,
    0.6798049807548523,
    0.7394897937774658,
    0.8217816948890686,
    1.0
  ],
  "log_nc_increments": [
    -0.39056921005249023,
    -1.0967254638671875e-05,
    -0.3137168884277344,
    -0.3122124671936035,
    -0.41320323944091797,
    -0.3031039237976074,
    -0.38608264923095703,
    -0.5421977043151855,
    -0.5061283111572266,
    -0.4904208183288574,
    -0.5810785293579102,
    -0.41983461380004883,
    -0.572319507598877,
    -0.5116214752197266,
    -0.48570728302001953,
    -0.5440564155578613,
    -0.49724435806274414,
    -0.502713680267334,
    -0.5889334678649902,
    -0.5623989105224609,
    -0.5810751914978027,
    -0.6808257102966309,
    -0.743715763092041,
    -0.7514724731445312,
    -0.7566089630126953,
    -0.7167906761169434,
    -0.85137939453125,
    -1.0802316665649414,
    -0.880302906036377,
    -0.8077621459960938,
    -1.13926362991333,
    -0.9141116142272949,
    -0.5910930633544922,
    -0.5128512382507324,
    -0.4361147880554199,
    -0.45793771743774414,
    -0.40801239013671875,
    -0.426267147064209,
    -0.5146694183349609,
    -0.4320712089538574,
    -0.36260557174682617,
    -0.3068666458129883,
    -0.3994903564453125,
    -0.30637407302856445,
    -0.2083578109741211,
    -0.13779640197753906,
    -0.06540298461914062,
    0.013259410858154297,
    0.07777261734008789,
    0.15555906295776367,
    0.27959537506103516,
    0.46829891204833984,
    0.6633477210998535,
    1.1365246772766113,
    1.5104336738586426,
    1.7217726707458496,
    2.026111125946045,
    2.596937656402588,
    3.669895648956299,
    4.099096775054932,
    4.529687404632568,
    5.710575580596924,
    6.19277811050415,
    6.3084588050842285,
    6.249882221221924,
    7.144787311553955,
    8.086585998535156,
    9.211479187011719,
    10.712066650390625,
    12.43460464477539,
    14.624223709106445,
    15.900396347045898,
    17.738449096679688,
    17.89236831665039,
    22.22803497314453,
    29.381969451904297,
    28.279529571533203,
    35.811058044433594,
    33.96441650390625,
    37.83683395385742,
    38.339759826660156,
    46.754478454589844,
    54.20990753173828,
    84.57669067382812,
    117.9285888671875,
    181.00775146484375,
    81.64888000488281,
    89.04436492919922,
    122.80767059326172,
    266.2085876464844
  ],
  "posterior_means": {
    "spot_lat": 13.041277885437012,
    "spot_long": 5.625350475311279,
    "spot_size": 11.231165885925293,
    "spot_flux": 0.7030728459358215,
    "fac_lat": -58.536869049072266,
    "fac_long": 164.67709350585938,
    "fac_size": 13.237306594848633,
    "fac_flux": 1.3156713247299194,
    "p_rot": 0.5020712614059448,
    "planet_radius": 0.10373283922672272,
    "impact_param": -0.321674644947052,
    "inclination": 85.40528106689453,
    "ecc_h": -0.002215340966358781,
    "ecc_k": 0.05578019842505455,
    "P_orb": 1.00034499168396,
    "ldc_q1": 0.4046480357646942,
    "ldc_q2": 0.12628872692584991
  },
  "ground_truth": {
    "spot_lat": 5.0,
    "spot_long": 5.0,
    "spot_size": 11.0,
    "spot_flux": 0.7,
    "fac_lat": -20.0,
    "fac_long": 165.0,
    "fac_size": 16.0,
    "fac_flux": 1.1,
    "p_rot": 0.5,
    "planet_radius": 0.1,
    "impact_param": 1.8394968037682702e-07,
    "inclination": 90.0,
    "ecc_h": 0.0,
    "ecc_k": 0.0,
    "P_orb": 1.0,
    "ldc_q1": 0.3600000000000001,
    "ldc_q2": 0.3333333333333333
  },
  "param_bias": {
    "spot_lat": 8.041277885437012,
    "spot_long": 0.6253504753112793,
    "spot_size": 0.23116588592529297,
    "spot_flux": 0.0030728459358215776,
    "fac_lat": -38.536869049072266,
    "fac_long": -0.322906494140625,
    "fac_size": -2.762693405151367,
    "fac_flux": 0.21567132472991934,
    "p_rot": 0.0020712614059448242,
    "planet_radius": 0.0037328392267227117,
    "impact_param": -0.3216748288967324,
    "inclination": -4.594718933105469,
    "ecc_h": -0.002215340966358781,
    "ecc_k": 0.05578019842505455,
    "P_orb": 0.00034499168395996094,
    "ldc_q1": 0.044648035764694116,
    "ldc_q2": -0.2070446064074834
  },
  "arviz_summary": {
    "mean": {
      "P_orb": 1.0,
      "ecc_h": -0.002,
      "ecc_k": 0.056,
      "fac_flux": 1.316,
      "fac_lat": -58.584,
      "fac_long": 164.677,
      "fac_size": 13.242,
      "impact_param": -0.322,
      "inclination": 85.405,
      "ldc_q1": 0.402,
      "ldc_q2": 0.122,
      "p_rot": 0.502,
      "planet_radius": 0.104,
      "spot_flux": 0.703,
      "spot_lat": 13.048,
      "spot_long": 5.625,
      "spot_size": 11.236
    },
    "sd": {
      "P_orb": 0.0,
      "ecc_h": 0.0,
      "ecc_k": 0.0,
      "fac_flux": 0.0,
      "fac_lat": 0.079,
      "fac_long": 0.015,
      "fac_size": 0.023,
      "impact_param": 0.0,
      "inclination": 0.002,
      "ldc_q1": 0.003,
      "ldc_q2": 0.005,
      "p_rot": 0.0,
      "planet_radius": 0.0,
      "spot_flux": 0.0,
      "spot_lat": 0.035,
      "spot_long": 0.003,
      "spot_size": 0.007
    },
    "hdi_3%": {
      "P_orb": 1.0,
      "ecc_h": -0.002,
      "ecc_k": 0.056,
      "fac_flux": 1.315,
      "fac_lat": -58.601,
      "fac_long": 164.678,
      "fac_size": 13.235,
      "impact_param": -0.322,
      "inclination": 85.405,
      "ldc_q1": 0.397,
      "ldc_q2": 0.119,
      "p_rot": 0.502,