{
  "sampler": "AdaptiveTemperedSMC",
  "num_particles": 2000,
  "target_ess": 0.5,
  "num_mcmc_steps_per_iter": 10,
  "sigma_prior": 15.0,
  "sigma_proposal": 1.0,
  "num_smc_steps": 16,
  "final_tempering_param": 1.0,
  "log_normalizing_constant": -0.031887054443359375,
  "final_ess": 1970.8976261171852,
  "tempering_schedule": [
    0.0,
    0.0027981996536254883,
    0.0054644630290567875,
    0.009245747700333595,
    0.015022367238998413,
    0.023664366453886032,
    0.03481948375701904,
    0.04723912850022316,
    0.06701668351888657,
    0.09459575265645981,
    0.1409515142440796,
    0.2019268274307251,
    0.3092513084411621,
    0.42036914825439453,
    0.6004424095153809,
    0.8795523047447205,
    1.0
  ],
  "log_nc_increments": [
    -0.2622666358947754,
    -0.16125249862670898,
    -0.1624011993408203,
    -0.16790008544921875,
    -0.1632990837097168,
    -0.14101696014404297,
    -0.10576200485229492,
    -0.1106104850769043,
    -0.09162282943725586,
    -0.0787968635559082,
    -0.02845478057861328,
    0.06844425201416016,
    0.14037609100341797,
    0.3126668930053711,
    0.6202907562255859,
    0.29971837997436523
  ],
  "mode_weights": [
    0.17562230746261775,
    0.06791652730316855,
    0.17205163626931608,
    0.07372157181089278,
    0.16490867850370705,
    0.08434275345643982,
    0.17877499293535948,
    0.08266142375941854
  ],
  "true_mode_weights": [
    0.17499999701976776,
    0.07500000298023224,
    0.17499999701976776,
    0.07500000298023224,
    0.17499999701976776,
    0.07500000298023224,
    0.17499999701976776,
    0.07500000298023224
  ],
  "arviz_summary": {
    "mean": {
      "x1": 0.021,
      "x2": -0.141
    },
    "sd": {
      "x1": 5.031,
      "x2": 5.067
    },
    "hdi_3%": {
      "x1": -7.912,
      "x2": -8.031
    },
    "hdi_97%": {
      "x1": 7.991,
      "x2": 7.925
    },
    "mcse_mean": {
      "x1": 0.156,
      "x2": 0.169
    },
    "mcse_sd": {
      "x1": 0.066,
      "x2": 0.069
    },
    "ess_bulk": {
      "x1": 1053.0,
      "x2": 929.0
    },
    "ess_tail": {
      "x1": 1476.0,
      "x2": 1523.0
    },
    "r_hat": {
      "x1": null,
      "x2": null
    }
  }
}