{
  "sampler": "AdaptiveTemperedSMC",
  "num_particles": 2000,
  "target_ess": 0.5,
  "num_mcmc_steps_per_iter": 10,
  "prior_low": -10.0,
  "prior_high": 10.0,
  "sigma_proposal": 1.0,
  "wall_time_s": 1.1493491380001615,
  "num_smc_steps": 6,
  "final_tempering_param": 1.0,
  "log_normalizing_constant": 0.006049633026123047,
  "final_ess": 1984.3697509765625,
  "total_log_density_evals": 144000,
  "tempering_schedule": [
    0.0,
    0.1307373046875,
    0.2659561038017273,
    0.4130706489086151,
    0.6278672814369202,
    0.9136331081390381,
    1.0
  ],
  "log_nc_increments": [
    -0.3151278495788574,
    -0.11280393600463867,
    -0.016434192657470703,
    0.0997476577758789,
    0.2542104721069336,
    0.09645748138427734
  ],
  "mode_weights": [
    0.18105614365777,
    0.07654636490042321,
    0.1622629562043585,
    0.08652128794346936,
    0.18377581643289886,
    0.07658478323719464,
    0.1639016510162037,
    0.06935064628487453
  ],
  "true_mode_weights": [
    0.17499999701976776,
    0.07500000298023224,
    0.17499999701976776,
    0.07500000298023224,
    0.17499999701976776,
    0.07500000298023224,
    0.17499999701976776,
    0.07500000298023224
  ],
  "arviz_summary": {
    "mean": {
      "x1": -0.102,
      "x2": 0.031
    },
    "sd": {
      "x1": 5.156,
      "x2": 4.96
    },
    "hdi_3%": {
      "x1": -8.034,
      "x2": -8.112
    },
    "hdi_97%": {
      "x1": 7.934,
      "x2": 7.8
    },
    "mcse_mean": {
      "x1": 0.169,
      "x2": 0.157
    },
    "mcse_sd": {
      "x1": 0.064,
      "x2": 0.068
    },
    "ess_bulk": {
      "x1": 961.0,
      "x2": 1001.0
    },
    "ess_tail": {
      "x1": 1434.0,
      "x2": 1637.0
    },
    "r_hat": {
      "x1": null,
      "x2": null
    }
  }
}