{
  "sampler": "AdaptiveTemperedSMC",
  "num_particles": 2000,
  "target_ess": 0.75,
  "num_mcmc_steps_per_iter": 10,
  "prior_low": -10.0,
  "prior_high": 10.0,
  "sigma_proposal_formula": "2.38/sqrt(2) * sigma_prior / sqrt(lambda)",
  "wall_time_s": 1.7313403699954506,
  "num_smc_steps": 8,
  "final_tempering_param": 1.0,
  "log_normalizing_constant": -0.010597705841064453,
  "final_ess": 1999.7105712890625,
  "total_log_density_evals": 192000,
  "tempering_schedule": [
    0.0,
    0.087860107421875,
    0.17574626207351685,
    0.28035011887550354,
    0.4086080491542816,
    0.5691617131233215,
    0.7405871748924255,
    0.9877924919128418,
    1.0
  ],
  "log_nc_increments": [
    -0.24187803268432617,
    -0.13283586502075195,
    -0.07405519485473633,
    -0.005700111389160156,
    0.05419492721557617,
    0.11629581451416016,
    0.2589297294616699,
    0.014451026916503906
  ],
  "mode_weights": [
    0.17958279766025953,
    0.07047961591160856,
    0.18053634351235814,
    0.07493323972448707,
    0.16401136011700146,
    0.07695466032600962,
    0.18151449790457264,
    0.07198752625845373
  ],
  "true_mode_weights": [
    0.17499999701976776,
    0.07500000298023224,
    0.17499999701976776,
    0.07500000298023224,
    0.17499999701976776,
    0.07500000298023224,
    0.17499999701976776,
    0.07500000298023224
  ],
  "arviz_summary": {
    "mean": {
      "x1": 0.059,
      "x2": -0.037
    },
    "sd": {
      "x1": 5.017,
      "x2": 5.075
    },
    "hdi_3%": {
      "x1": -7.824,
      "x2": -8.066
    },
    "hdi_97%": {
      "x1": 8.151,
      "x2": 7.692
    },
    "mcse_mean": {
      "x1": 0.118,
      "x2": 0.121
    },
    "mcse_sd": {
      "x1": 0.055,
      "x2": 0.053
    },
    "ess_bulk": {
      "x1": 1794.0,
      "x2": 1776.0
    },
    "ess_tail": {
      "x1": 1919.0,
      "x2": 1624.0
    },
    "r_hat": {
      "x1": null,
      "x2": null
    }
  }
}