{
  "sampler": "AffineInvariantMCMC",
  "num_walkers": 32,
  "num_burnin": 0,
  "num_samples": 2500,
  "wall_time_s": 2.3861720300001252,
  "mean_acceptance_rate": 0.3477408289909363,
  "total_log_density_evals": 80000,
  "bulk_ess_per_logp_eval": 0.0031125,
  "mode_weights": [
    0.1600875,
    0.0776875,
    0.1722125,
    0.07785,
    0.1955125,
    0.0848625,
    0.15815,
    0.0736375
  ],
  "true_mode_weights": [
    0.17499999701976776,
    0.07500000298023224,
    0.17499999701976776,
    0.07500000298023224,
    0.17499999701976776,
    0.07500000298023224,
    0.17499999701976776,
    0.07500000298023224
  ],
  "inter_mode_transitions": [
    65,
    69,
    79,
    62,
    70,
    61,
    72,
    58,
    84,
    68,
    77,
    69,
    82,
    94,
    78,
    55,
    72,
    65,
    92,
    67,
    72,
    50,
    89,
    75,
    64,
    84,
    96,
    73,
    97,
    80,
    50,
    72
  ],
  "stuck_chains": [],
  "arviz_summary": {
    "mean": {
      "x1": -0.29,
      "x2": 0.095
    },
    "sd": {
      "x1": 5.092,
      "x2": 4.994
    },
    "hdi_3%": {
      "x1": -8.08,
      "x2": -7.812
    },
    "hdi_97%": {
      "x1": 7.797,
      "x2": 7.932
    },
    "mcse_mean": {
      "x1": 0.507,
      "x2": 0.445
    },
    "mcse_sd": {
      "x1": 0.112,
      "x2": 0.117
    },
    "ess_bulk": {
      "x1": 110.0,
      "x2": 139.0
    },
    "ess_tail": {
      "x1": 569.0,
      "x2": 828.0
    },
    "r_hat": {
      "x1": 1.21,
      "x2": 1.16
    }
  }
}