{
  "sampler": "AffineInvariantMCMC",
  "num_walkers": 5,
  "num_burnin": 1000,
  "num_samples": 5000,
  "mean_acceptance_rate": 0.3308209478855133,
  "total_log_density_evals": 25000,
  "bulk_ess_per_logp_eval": 0.00284,
  "mode_weights": [
    0.19276,
    0.08948,
    0.18336,
    0.07024,
    0.12724,
    0.07092,
    0.18956,
    0.07644
  ],
  "true_mode_weights": [
    0.17499999701976776,
    0.07500000298023224,
    0.17499999701976776,
    0.07500000298023224,
    0.17499999701976776,
    0.07500000298023224,
    0.17499999701976776,
    0.07500000298023224
  ],
  "inter_mode_transitions": [
    147,
    142,
    118,
    121,
    155
  ],
  "stuck_chains": [],
  "arviz_summary": {
    "mean": {
      "x1": 0.654,
      "x2": 0.028
    },
    "sd": {
      "x1": 4.806,
      "x2": 5.2
    },
    "hdi_3%": {
      "x1": -7.525,
      "x2": -7.878
    },
    "hdi_97%": {
      "x1": 7.945,
      "x2": 8.093
    },
    "mcse_mean": {
      "x1": 0.804,
      "x2": 0.999
    },
    "mcse_sd": {
      "x1": 0.198,
      "x2": 0.18
    },
    "ess_bulk": {
      "x1": 40.0,
      "x2": 31.0
    },
    "ess_tail": {
      "x1": 319.0,
      "x2": 286.0
    },
    "r_hat": {
      "x1": 1.09,
      "x2": 1.12
    }
  }
}