{
  "sampler": "AffineInvariantMCMC",
  "num_walkers": 5,
  "num_burnin": 1000,
  "num_samples": 6000,
  "mean_acceptance_rate": 0.3382011651992798,
  "total_log_density_evals": 30000,
  "bulk_ess_per_logp_eval": 0.0013333333333333333,
  "mode_weights": [
    0.22228,
    0.07048,
    0.13864,
    0.078,
    0.13868,
    0.08848,
    0.17044,
    0.093
  ],
  "true_mode_weights": [
    0.17499999701976776,
    0.07500000298023224,
    0.17499999701976776,
    0.07500000298023224,
    0.17499999701976776,
    0.07500000298023224,
    0.17499999701976776,
    0.07500000298023224
  ],
  "inter_mode_transitions": [
    143,
    154,
    140,
    158,
    172
  ],
  "stuck_chains": [],
  "arviz_summary": {
    "mean": {
      "x1": 0.649,
      "x2": -0.377
    },
    "sd": {
      "x1": 5.107,
      "x2": 4.927
    },
    "hdi_3%": {
      "x1": -7.472,
      "x2": -7.761
    },
    "hdi_97%": {
      "x1": 8.15,
      "x2": 7.906
    },
    "mcse_mean": {
      "x1": 1.08,
      "x2": 1.247
    },
    "mcse_sd": {
      "x1": 0.183,
      "x2": 0.198
    },
    "ess_bulk": {
      "x1": 23.0,
      "x2": 17.0
    },
    "ess_tail": {
      "x1": 243.0,
      "x2": 282.0
    },
    "r_hat": {
      "x1": 1.16,
      "x2": 1.22
    }
  }
}