{
  "sampler": "AffineInvariantMCMC",
  "num_walkers": 64,
  "num_burnin": 500,
  "num_samples": 2500,
  "wall_time_s": 0.1724087049951777,
  "wall_time_core_s": 0.1724087049951777,
  "wall_time_total_s": 2.974255853012437,
  "mean_acceptance_rate": 0.34315237402915955,
  "total_log_density_evals": 160000,
  "bulk_ess_per_logp_eval": 0.00346875,
  "mode_weights": [
    0.1874765625,
    0.0815,
    0.159546875,
    0.07434375,
    0.162703125,
    0.0762265625,
    0.1793203125,
    0.0788828125
  ],
  "true_mode_weights": [
    0.17499999701976776,
    0.07500000298023224,
    0.17499999701976776,
    0.07500000298023224,
    0.17499999701976776,
    0.07500000298023224,
    0.17499999701976776,
    0.07500000298023224
  ],
  "inter_mode_transitions": [
    63,
    84,
    38,
    67,
    63,
    64,
    45,
    49,
    49,
    56,
    47,
    55,
    59,
    87,
    50,
    60,
    68,
    48,
    46,
    66,
    80,
    54,
    72,
    62,
    77,
    56,
    58,
    61,
    55,
    51,
    71,
    48,
    90,
    62,
    60,
    57,
    63,
    63,
    50,
    57,
    62,
    69,
    63,
    59,
    61,
    63,
    56,
    65,
    31,
    51,
    75,
    63,
    74,
    45,
    49,
    72,
    80,
    79,
    65,
    72,
    55,
    57,
    67,
    65
  ],
  "stuck_chains": [],
  "arviz_summary": {
    "mean": {
      "x1": 0.237,
      "x2": -0.142
    },
    "sd": {
      "x1": 5.08,
      "x2": 5.019
    },
    "hdi_3%": {
      "x1": -7.85,
      "x2": -8.091
    },
    "hdi_97%": {
      "x1": 8.05,
      "x2": 7.789
    },
    "mcse_mean": {
      "x1": 0.319,
      "x2": 0.317
    },
    "mcse_sd": {
      "x1": 0.086,
      "x2": 0.087
    },
    "ess_bulk": {
      "x1": 280.0,
      "x2": 275.0
    },
    "ess_tail": {
      "x1": 1664.0,
      "x2": 1343.0
    },
    "r_hat": {
      "x1": 1.16,
      "x2": 1.17
    }
  }
}