{
  "sampler": "NestedSampling_JAXNS",
  "wall_time_s": 80.63172137801303,
  "wall_time_core_s": 80.63172137801303,
  "wall_time_total_s": 91.02860369501286,
  "num_posterior_draws": 5000,
  "prior_low": -10.0,
  "prior_high": 10.0,
  "log_Z_mean": -6.028553523260971,
  "log_Z_uncert": 0.04334720782608162,
  "total_likelihood_evals": 566808,
  "total_ns_samples": 10000,
  "likelihood_evals_per_ns_sample": 56.6808,
  "jaxns_ess_kish": 1504.1732870958615,
  "ess_per_likelihood_eval": 0.002653761568460328,
  "mode_weights": [
    0.1766,
    0.068,
    0.1608,
    0.0806,
    0.1748,
    0.0788,
    0.1806,
    0.0798
  ],
  "true_mode_weights": [
    0.17499999701976776,
    0.07500000298023224,
    0.17499999701976776,
    0.07500000298023224,
    0.17499999701976776,
    0.07500000298023224,
    0.17499999701976776,
    0.07500000298023224
  ],
  "arviz_summary": {
    "mean": {
      "x1": -0.052,
      "x2": -0.192
    },
    "sd": {
      "x1": 5.031,
      "x2": 4.994
    },
    "hdi_3%": {
      "x1": -7.623,
      "x2": -8.119
    },
    "hdi_97%": {
      "x1": 8.181,
      "x2": 7.741
    },
    "mcse_mean": {
      "x1": 0.07,
      "x2": 0.071
    },
    "mcse_sd": {
      "x1": 0.032,
      "x2": 0.032
    },
    "ess_bulk": {
      "x1": 5098.0,
      "x2": 5000.0
    },
    "ess_tail": {
      "x1": 4821.0,
      "x2": 4735.0
    },
    "r_hat": {
      "x1": null,
      "x2": null
    }
  }
}