{
  "sampler": "SEO_ParallelTempering",
  "kernel": "rwmh",
  "num_chains": 15,
  "num_warmup": 500,
  "num_samples": 2000,
  "ndim": 17,
  "step_size_hot": 0.5,
  "step_size_cold": 0.002,
  "annealing_base": 1.4142135623730951,
  "reference_distribution": "joint_prior",
  "beta_schedule": [
    0.0,
    0.011048546060919762,
    0.0156250037252903,
    0.022097092121839523,
    0.0312500037252903,
    0.04419418051838875,
    0.0625000074505806,
    0.0883883610367775,
    0.1250000149011612,
    0.1767767071723938,
    0.2500000298023224,
    0.3535534143447876,
    0.5,
    0.7071067690849304,
    1.0
  ],
  "step_sizes": [
    0.5,
    0.46442854404449463,
    0.42885714769363403,
    0.39328569173812866,
    0.35771429538726807,
    0.3221428394317627,
    0.2865714132785797,
    0.25099998712539673,
    0.21542856097221375,
    0.17985711991786957,
    0.14428570866584778,
    0.1087142676115036,
    0.07314282655715942,
    0.037571411579847336,
    0.0020000000949949026
  ],
  "rwmh_proposal_scale": [
    0.3332667052745819,
    0.3332667052745819,
    0.3332667052745819,
    0.11544697731733322,
    1.666333556175232,
    1.666333556175232,
    0.3332667052745819,
    0.11544697731733322,
    0.05772348865866661,
    0.009148984216153622,
    0.3332667052745819,
    0.3332667052745819,
    0.003332667052745819,
    0.003332667052745819,
    0.00028861741884611547,
    0.16663335263729095,
    0.16663335263729095
  ],
  "mean_swap_rejection_rates": [
    1.0,
    0.9984874129295349,
    0.9874176979064941,
    0.988077700138092,
    0.9976337552070618,
    0.9628216028213501,
    0.9989969730377197,
    0.9979819655418396,
    0.9989978671073914,
    0.9989999532699585,
    0.9969098567962646,
    1.0,
    0.9938509464263916,
    0.9984857439994812
  ],
  "log_density_evals": 37500,
  "wall_time_s": 45.91135437693447,
  "total_bulk_ess": 61.0,
  "bulk_ess_per_log_density_evals": 0.0016266666666666667,
  "posterior_means": {
    "spot_lat": 4.154293537139893,
    "spot_long": 4.544284820556641,
    "spot_size": 10.874093055725098,
    "spot_flux": 0.7018617987632751,
    "fac_lat": -12.982128143310547,
    "fac_long": 161.2152862548828,
    "fac_size": 15.04551887512207,
    "fac_flux": 1.1088093519210815,
    "p_rot": 0.5127939581871033,
    "planet_radius": 0.1003105491399765,
    "impact_param": 0.1002119928598404,
    "inclination": 88.39622497558594,
    "ecc_h": -2.4573522750870325e-05,
    "ecc_k": 0.0044791800901293755,
    "P_orb": 0.9997438788414001,
    "ldc_q1": 0.39232373237609863,
    "ldc_q2": 0.3614698052406311
  },
  "ground_truth": {
    "spot_lat": 5.0,
    "spot_long": 5.0,
    "spot_size": 11.0,
    "spot_flux": 0.7,
    "fac_lat": -20.0,
    "fac_long": 165.0,
    "fac_size": 16.0,
    "fac_flux": 1.1,
    "p_rot": 0.5,
    "planet_radius": 0.1,
    "impact_param": 1.8394968037682702e-07,
    "inclination": 90.0,
    "ecc_h": 0.0,
    "ecc_k": 0.0,
    "P_orb": 1.0,
    "ldc_q1": 0.3600000000000001,
    "ldc_q2": 0.3333333333333333
  },
  "param_bias": {
    "spot_lat": -0.8457064628601074,
    "spot_long": -0.4557151794433594,
    "spot_size": -0.12590694427490234,
    "spot_flux": 0.001861798763275191,
    "fac_lat": 7.017871856689453,
    "fac_long": -3.7847137451171875,
    "fac_size": -0.9544811248779297,
    "fac_flux": 0.008809351921081454,
    "p_rot": 0.012793958187103271,
    "planet_radius": 0.0003105491399764959,
    "impact_param": 0.10021180891016002,
    "inclination": -1.6037750244140625,
    "ecc_h": -2.4573522750870325e-05,
    "ecc_k": 0.0044791800901293755,
    "P_orb": -0.0002561211585998535,
    "ldc_q1": 0.032323732376098535,
    "ldc_q2": 0.02813647190729779
  },
  "arviz_summary": {
    "mean": {
      "P_orb": 1.0,
      "ecc_h": 0.0,
      "ecc_k": 0.004,
      "fac_flux": 1.109,
      "fac_lat": -12.982,
      "fac_long": 161.217,
      "fac_size": 15.045,
      "impact_param": 0.1,
      "inclination": 88.396,
      "ldc_q1": 0.392,
      "ldc_q2": 0.361,
      "p_rot": 0.513,
      "planet_radius": 0.1,
      "spot_flux": 0.702,
      "spot_lat": 4.154,
      "spot_long": 4.544,
      "spot_size": 10.874
    },
    "sd": {
      "P_orb": 0.0,
      "ecc_h": 0.0,
      "ecc_k": 0.006,
      "fac_flux": 0.007,
      "fac_lat": 2.015,
      "fac_long": 1.178,
      "fac_size": 0.443,
      "impact_param": 0.061,
      "inclination": 0.102,
      "ldc_q1": 0.194,
      "ldc_q2": 0.062,
      "p_rot": 0.006,
      "planet_radius": 0.001,
      "spot_flux": 0.012,
      "spot_lat": 0.035,
      "spot_long": 0.195,
      "spot_size": 0.087
    },
    "hdi_3%": {
      "P_orb": 1.0,
      "ecc_h": 0.0,
      "ecc_k": -0.013,
      "fac_flux": 1.088,
      "fac_lat": -19.362,
      "fac_long": 160.756,
      "fac_size": 14.89,
      "impact_param": -0.092,
      "inclination": 88.357,
      "ldc_q1": 0.328,
      "ldc_q2": 0.165,
      "p_rot": 0.505,
      "planet_radius": 0.099,
      "spot_flux": 0.695,
      "spot_lat": 4.052,
      "spot_long": 3.928,
      "spot_size": 10.845
    },
    "hdi_97%": {
      "P_orb": 1.001,
      "ecc_h": 0.001,
      "ecc_k": 0.006,
      "fac_flux": 1.112,
      "fac_lat": -12.292,
      "fac_long": 164.933,
      "fac_size": 16.447,
      "impact_param": 0.12,
      "inclination": 88.718,
      "ldc_q1": 1.008,
      "ldc_q2": 0.386,
      "p_rot": 0.522,
      "planet_radius": 0.104,
      "spot_flux": 0.739,
      "spot_lat": 4.176,
      "spot_long": 4.627,
      "spot_size": 11.152
    },
    "mcse_mean": {
      "P_orb": 0.0,
      "ecc_h": 0.0,
      "ecc_k": 0.002,
      "fac_flux": 0.002,
      "fac_lat": 0.602,
      "fac_long": 0.397,
      "fac_size": 0.133,
      "impact_param": 0.018,
      "inclination": 0.032,
      "ldc_q1": 0.058,
      "ldc_q2": 0.019,
      "p_rot": 0.004,
      "planet_radius": 0.0,
      "spot_flux": 0.006,
      "spot_lat": 0.02,
      "spot_long": 0.056,
      "spot_size": 0.026
    },
    "mcse_sd": {
      "P_orb": 0.0,
      "ecc_h": 0.0,
      "ecc_k": 0.002,
      "fac_flux": 0.003,
      "fac_lat": 0.848,
      "fac_long": 0.49,
      "fac_size": 0.186,
      "impact_param": 0.026,
      "inclination": 0.043,
      "ldc_q1": 0.082,
      "ldc_q2": 0.026,
      "p_rot": 0.002,
      "planet_radius": 0.001,
      "spot_flux": 0.005,
      "spot_lat": 0.013,
      "spot_long": 0.082,
      "spot_size": 0.037
    },
    "ess_bulk": {
      "P_orb": 5.0,
      "ecc_h": 6.0,
      "ecc_k": 4.0,
      "fac_flux": 4.0,
      "fac_lat": 2.0,
      "fac_long": 3.0,
      "fac_size": 2.0,
      "impact_param": 2.0,
      "inclination": 1.0,
      "ldc_q1": 1.0,
      "ldc_q2": 4.0,
      "p_rot": 4.0,
      "planet_radius": 5.0,
      "spot_flux": 1.0,
      "spot_lat": 3.0,
      "spot_long": 5.0,
      "spot_size": 9.0
    },
    "ess_tail": {
      "P_orb": 11.0,
      "ecc_h": 23.0,
      "ecc_k": 25.0,
      "fac_flux": 11.0,
      "fac_lat": 16.0,
      "fac_long": 48.0,
      "fac_size": 5.0,
      "impact_param": 14.0,
      "inclination": 7.0,
      "ldc_q1": 14.0,
      "ldc_q2": 20.0,
      "p_rot": 11.0,
      "planet_radius": 10.0,
      "spot_flux": 11.0,
      "spot_lat": 20.0,
      "spot_long": 14.0,
      "spot_size": 14.0
    },
    "r_hat": {
      "P_orb": null,
      "ecc_h": null,
      "ecc_k": null,
      "fac_flux": null,
      "fac_lat": null,
      "fac_long": null,
      "fac_size": null,
      "impact_param": null,
      "inclination": null,
      "ldc_q1": null,
      "ldc_q2": null,
      "p_rot": null,
      "planet_radius": null,
      "spot_flux": null,
      "spot_lat": null,
      "spot_long": null,
      "spot_size": null
    }
  }
}