{
  "sampler": "SEO_ParallelTempering",
  "kernel": "rwmh",
  "num_chains": 15,
  "num_warmup": 500,
  "num_samples": 2000,
  "ndim": 17,
  "step_size_hot": 5.0,
  "step_size_cold": 1.0,
  "annealing_base": 1.4142135623730951,
  "reference_distribution": "joint_prior",
  "beta_schedule": [
    0.0,
    0.011048546060919762,
    0.0156250037252903,
    0.022097092121839523,
    0.0312500037252903,
    0.04419418051838875,
    0.0625000074505806,
    0.0883883610367775,
    0.1250000149011612,
    0.1767767071723938,
    0.2500000298023224,
    0.3535534143447876,
    0.5,
    0.7071067690849304,
    1.0
  ],
  "step_sizes": [
    5.0,
    4.714285850524902,
    4.4285712242126465,
    4.142857074737549,
    3.8571431636810303,
    3.5714285373687744,
    3.2857141494750977,
    3.0,
    2.7142856121063232,
    2.4285712242126465,
    2.142857074737549,
    1.857142686843872,
    1.5714282989501953,
    1.2857141494750977,
    1.0
  ],
  "rwmh_proposal_scale": [
    29.994003295898438,
    59.988006591796875,
    14.830368041992188,
    0.3166033923625946,
    29.994003295898438,
    59.988006591796875,
    14.830368041992188,
    0.3166033923625946,
    0.6237592697143555,
    0.03485923632979393,
    1.7429618835449219,
    3.332667112350464,
    0.0813087448477745,
    59.988006591796875,
    0.00028861741884611547,
    2.886174201965332,
    2.886174201965332
  ],
  "mean_swap_rejection_rates": [
    1.0,
    1.0,
    0.6611169576644897,
    0.9957915544509888,
    0.9065144062042236,
    0.7824230194091797,
    0.5753428936004639,
    0.748978316783905,
    0.9989996552467346,
    0.9846798777580261,
    0.9985000491142273,
    0.921500027179718,
    0.8500000238418579,
    0.9965000748634338
  ],
  "log_density_evals": 37500,
  "wall_time_s": 69.8035276789451,
  "total_bulk_ess": 37.0,
  "bulk_ess_per_log_density_evals": 0.0009866666666666667,
  "posterior_means": {
    "spot_lat": -18.15062713623047,
    "spot_long": -75.74848175048828,
    "spot_size": -2.238821268081665,
    "spot_flux": 0.4043310880661011,
    "fac_lat": -17.486963272094727,
    "fac_long": 19.828393936157227,
    "fac_size": -4.269852161407471,
    "fac_flux": 0.25656184554100037,
    "p_rot": 0.512054979801178,
    "planet_radius": 0.07372099161148071,
    "semimajor_axis": 5.589133262634277,
    "inclination": -1.1829595565795898,
    "eccentricity": 0.16096466779708862,
    "arg_periapsis": 141.35618591308594,
    "P_orb": 0.00019051539129577577,
    "LDC_u1": 4.516963481903076,
    "LDC_u2": 0.14341160655021667
  },
  "ground_truth": {
    "spot_lat": 5.0,
    "spot_long": 5.0,
    "spot_size": 11.0,
    "spot_flux": 0.7,
    "fac_lat": -20.0,
    "fac_long": 165.0,
    "fac_size": 16.0,
    "fac_flux": 1.1,
    "p_rot": 0.5,
    "planet_radius": 0.1,
    "semimajor_axis": 4.208278345829606,
    "inclination": 90.0,
    "eccentricity": 0.0,
    "arg_periapsis": 0.0,
    "P_orb": 1.0,
    "LDC_u1": 0.4,
    "LDC_u2": 0.2
  },
  "param_bias": {
    "spot_lat": -23.15062713623047,
    "spot_long": -80.74848175048828,
    "spot_size": -13.238821268081665,
    "spot_flux": -0.2956689119338989,
    "fac_lat": 2.5130367279052734,
    "fac_long": -145.17160606384277,
    "fac_size": -20.26985216140747,
    "fac_flux": -0.8434381544589997,
    "p_rot": 0.012054979801177979,
    "planet_radius": -0.026279008388519293,
    "semimajor_axis": 1.3808549168046715,
    "inclination": -91.18295955657959,
    "eccentricity": 0.16096466779708862,
    "arg_periapsis": 141.35618591308594,
    "P_orb": -0.9998094846087042,
    "LDC_u1": 4.116963481903076,
    "LDC_u2": -0.056588393449783336
  },
  "arviz_summary": {
    "mean": {
      "LDC_u1": 4.517,
      "LDC_u2": 0.143,
      "P_orb": 0.0,
      "arg_periapsis": 141.356,
      "eccentricity": 0.161,
      "fac_flux": 0.257,
      "fac_lat": -17.487,
      "fac_long": 19.828,
      "fac_size": -4.27,
      "inclination": -1.183,
      "p_rot": 0.512,
      "planet_radius": 0.074,
      "semimajor_axis": 5.589,
      "spot_flux": 0.404,
      "spot_lat": -18.151,
      "spot_long": -75.748,
      "spot_size": -2.239
    },
    "sd": {
      "LDC_u1": 3.2,
      "LDC_u2": 2.572,
      "P_orb": 0.0,
      "arg_periapsis": 57.47,
      "eccentricity": 0.06,
      "fac_flux": 0.341,
      "fac_lat": 35.994,
      "fac_long": 80.165,
      "fac_size": 6.21,
      "inclination": 2.654,
      "p_rot": 0.344,
      "planet_radius": 0.074,
      "semimajor_axis": 3.058,
      "spot_flux": 0.542,
      "spot_lat": 48.677,
      "spot_long": 73.951,
      "spot_size": 7.795
    },
    "hdi_3%": {
      "LDC_u1": -0.712,
      "LDC_u2": -3.459,
      "P_orb": 0.0,
      "arg_periapsis": 27.756,
      "eccentricity": 0.054,
      "fac_flux": -0.233,
      "fac_lat": -45.435,
      "fac_long": -37.472,
      "fac_size": -13.436,
      "inclination": -3.17,
      "p_rot": 0.059,
      "planet_radius": 0.021,
      "semimajor_axis": 1.754,
      "spot_flux": -0.41,
      "spot_lat": -54.424,
      "spot_long": -144.631,
      "spot_size": -4.764
    },
    "hdi_97%": {
      "LDC_u1": 6.063,
      "LDC_u2": 1.918,
      "P_orb": 0.0,
      "arg_periapsis": 181.86,
      "eccentricity": 0.202,
      "fac_flux": 0.493,
      "fac_lat": 42.357,
      "fac_long": 136.129,
      "fac_size": 0.045,
      "inclination": 2.267,
      "p_rot": 0.486,
      "planet_radius": 0.183,
      "semimajor_axis": 7.993,
      "spot_flux": 0.82,
      "spot_lat": 49.263,
      "spot_long": 17.485,
      "spot_size": 0.014
    },
    "mcse_mean": {
      "LDC_u1": 0.692,
      "LDC_u2": 1.78,
      "P_orb": 0.0,
      "arg_periapsis": 37.285,
      "eccentricity": 0.05,
      "fac_flux": 0.245,
      "fac_lat": 27.11,
      "fac_long": 65.544,
      "fac_size": 4.915,
      "inclination": 1.87,
      "p_rot": 0.114,
      "planet_radius": 0.056,
      "semimajor_axis": 2.418,
      "spot_flux": 0.407,
      "spot_lat": 35.844,
      "spot_long": 61.483,
      "spot_size": 2.064
    },
    "mcse_sd": {
      "LDC_u1": 1.442,
      "LDC_u2": 0.694,
      "P_orb": 0.0,
      "arg_periapsis": 10.098,
      "eccentricity": 0.014,
      "fac_flux": 0.1,
      "fac_lat": 5.546,
      "fac_long": 22.039,
      "fac_size": 1.853,
      "inclination": 0.373,
      "p_rot": 0.197,
      "planet_radius": 0.023,
      "semimajor_axis": 0.616,
      "spot_flux": 0.089,
      "spot_lat": 10.738,
      "spot_long": 18.77,
      "spot_size": 4.96
    },
    "ess_bulk": {
      "LDC_u1": 2.0,
      "LDC_u2": 3.0,
      "P_orb": 2.0,
      "arg_periapsis": 2.0,
      "eccentricity": 2.0,
      "fac_flux": 3.0,
      "fac_lat": 2.0,
      "fac_long": 2.0,
      "fac_size": 2.0,
      "inclination": 2.0,
      "p_rot": 2.0,
      "planet_radius": 2.0,
      "semimajor_axis": 2.0,
      "spot_flux": 2.0,
      "spot_lat": 2.0,
      "spot_long": 2.0,
      "spot_size": 3.0
    },
    "ess_tail": {
      "LDC_u1": 29.0,
      "LDC_u2": 2.0,
      "P_orb": 2.0,
      "arg_periapsis": 29.0,
      "eccentricity": 1.0,
      "fac_flux": 2.0,
      "fac_lat": 2.0,
      "fac_long": 1.0,
      "fac_size": 2.0,
      "inclination": 2.0,
      "p_rot": 1.0,
      "planet_radius": 2.0,
      "semimajor_axis": 1.0,
      "spot_flux": 29.0,
      "spot_lat": 2.0,
      "spot_long": 1.0,
      "spot_size": 29.0
    },
    "r_hat": {
      "LDC_u1": null,
      "LDC_u2": null,
      "P_orb": null,
      "arg_periapsis": null,
      "eccentricity": null,
      "fac_flux": null,
      "fac_lat": null,
      "fac_long": null,
      "fac_size": null,
      "inclination": null,
      "p_rot": null,
      "planet_radius": null,
      "semimajor_axis": null,
      "spot_flux": null,
      "spot_lat": null,
      "spot_long": null,
      "spot_size": null
    }
  }
}