{
  "sampler": "NUTS",
  "num_chains": 2,
  "num_warmup": 250,
  "num_samples": 1000,
  "ndim": 17,
  "adapted_step_size": 1.1127975767522003e-06,
  "mean_acceptance_rate": 0.7368437647819519,
  "total_grad_evals": 2046000,
  "mean_integration_steps": 1023.0,
  "max_integration_steps": 1023,
  "tree_depth_saturation": 1.0,
  "wall_time_s": 2865.3970328769647,
  "total_bulk_ess": 38.0,
  "bulk_ess_per_grad_eval": 1.857282502443793e-05,
  "posterior_means": {
    "spot_lat": 5.6154327392578125,
    "spot_long": 4.9518513679504395,
    "spot_size": 11.450496673583984,
    "spot_flux": 0.7188106179237366,
    "fac_lat": -23.039329528808594,
    "fac_long": 163.58486938476562,
    "fac_size": 16.14430046081543,
    "fac_flux": 1.0688213109970093,
    "p_rot": 0.4989173710346222,
    "planet_radius": 0.1262262612581253,
    "semimajor_axis": 9.14338207244873,
    "inclination": 90.01103973388672,
    "ecc_h": -0.0065080211497843266,
    "ecc_k": -0.004528549499809742,
    "P_orb": 0.9999332427978516,
    "ldc_q1": 0.35922637581825256,
    "ldc_q2": 0.718604326248169
  },
  "ground_truth": {
    "spot_lat": 5.0,
    "spot_long": 5.0,
    "spot_size": 11.0,
    "spot_flux": 0.7,
    "fac_lat": -20.0,
    "fac_long": 165.0,
    "fac_size": 16.0,
    "fac_flux": 1.1,
    "p_rot": 0.5,
    "planet_radius": 0.1,
    "semimajor_axis": 4.208278345829606,
    "inclination": 90.0,
    "ecc_h": 0.0,
    "ecc_k": 0.0,
    "P_orb": 1.0,
    "ldc_q1": 0.3600000000000001,
    "ldc_q2": 0.3333333333333333
  },
  "param_bias": {
    "spot_lat": 0.6154327392578125,
    "spot_long": -0.04814863204956055,
    "spot_size": 0.4504966735839844,
    "spot_flux": 0.018810617923736617,
    "fac_lat": -3.0393295288085938,
    "fac_long": -1.415130615234375,
    "fac_size": 0.1443004608154297,
    "fac_flux": -0.03117868900299081,
    "p_rot": -0.0010826289653778076,
    "planet_radius": 0.0262262612581253,
    "semimajor_axis": 4.935103726619125,
    "inclination": 0.01103973388671875,
    "ecc_h": -0.0065080211497843266,
    "ecc_k": -0.004528549499809742,
    "P_orb": -6.67572021484375e-05,
    "ldc_q1": -0.0007736241817475342,
    "ldc_q2": 0.38527099291483563
  },
  "arviz_summary": {
    "mean": {
      "P_orb": 1.0,
      "ecc_h": -0.007,
      "ecc_k": -0.005,
      "fac_flux": 1.069,
      "fac_lat": -23.039,
      "fac_long": 163.585,
      "fac_size": 16.144,
      "inclination": 90.011,
      "ldc_q1": 0.359,
      "ldc_q2": 0.719,
      "p_rot": 0.499,
      "planet_radius": 0.126,
      "semimajor_axis": 9.143,
      "spot_flux": 0.719,
      "spot_lat": 5.615,
      "spot_long": 4.952,
      "spot_size": 11.45
    },
    "sd": {
      "P_orb": 0.0,
      "ecc_h": 0.001,
      "ecc_k": 0.003,
      "fac_flux": 0.002,
      "fac_lat": 0.632,
      "fac_long": 0.521,
      "fac_size": 0.38,
      "inclination": 0.786,
      "ldc_q1": 0.338,
      "ldc_q2": 0.12,
      "p_rot": 0.002,
      "planet_radius": 0.003,
      "semimajor_axis": 2.036,
      "spot_flux": 0.029,
      "spot_lat": 0.125,
      "spot_long": 0.315,
      "spot_size": 0.276
    },
    "hdi_3%": {
      "P_orb": 1.0,
      "ecc_h": -0.007,
      "ecc_k": -0.008,
      "fac_flux": 1.067,
      "fac_lat": -23.671,
      "fac_long": 163.064,
      "fac_size": 15.764,
      "inclination": 89.225,
      "ldc_q1": 0.021,
      "ldc_q2": 0.598,
      "p_rot": 0.497,
      "planet_radius": 0.123,
      "semimajor_axis": 7.107,
      "spot_flux": 0.69,
      "spot_lat": 5.491,
      "spot_long": 4.637,
      "spot_size": 11.175
    },
    "hdi_97%": {
      "P_orb": 1.0,
      "ecc_h": -0.006,
      "ecc_k": -0.001,
      "fac_flux": 1.07,
      "fac_lat": -22.408,
      "fac_long": 164.106,
      "fac_size": 16.525,
      "inclination": 90.797,
      "ldc_q1": 0.697,
      "ldc_q2": 0.839,
      "p_rot": 0.501,
      "planet_radius": 0.129,
      "semimajor_axis": 11.179,
      "spot_flux": 0.748,
      "spot_lat": 5.74,
      "spot_long": 5.266,
      "spot_size": 11.726
    },
    "mcse_mean": {
      "P_orb": 0.0,
      "ecc_h": 0.001,
      "ecc_k": 0.002,
      "fac_flux": 0.001,
      "fac_lat": 0.445,
      "fac_long": 0.367,
      "fac_size": 0.268,
      "inclination": 0.554,
      "ldc_q1": 0.238,
      "ldc_q2": 0.085,
      "p_rot": 0.001,
      "planet_radius": 0.002,
      "semimajor_axis": 1.434,
      "spot_flux": 0.021,
      "spot_lat": 0.088,
      "spot_long": 0.222,
      "spot_size": 0.194
    },
    "mcse_sd": {
      "P_orb": 0.0,
      "ecc_h": 0.0,
      "ecc_k": 0.0,
      "fac_flux": null,
      "fac_lat": null,
      "fac_long": 0.0,
      "fac_size": 0.0,
      "inclination": null,
      "ldc_q1": null,
      "ldc_q2": null,
      "p_rot": 0.0,
      "planet_radius": 0.0,
      "semimajor_axis": 0.0,
      "spot_flux": 0.0,
      "spot_lat": null,
      "spot_long": null,
      "spot_size": null
    },
    "ess_bulk": {
      "P_orb": 2.0,
      "ecc_h": 2.0,
      "ecc_k": 2.0,
      "fac_flux": 2.0,
      "fac_lat": 2.0,
      "fac_long": 3.0,
      "fac_size": 2.0,
      "inclination": 2.0,
      "ldc_q1": 2.0,
      "ldc_q2": 3.0,
      "p_rot": 3.0,
      "planet_radius": 2.0,
      "semimajor_axis": 2.0,
      "spot_flux": 3.0,
      "spot_lat": 2.0,
      "spot_long": 2.0,
      "spot_size": 2.0
    },
    "ess_tail": {
      "P_orb": 2.0,
      "ecc_h": 2.0,
      "ecc_k": 2.0,
      "fac_flux": 2.0,
      "fac_lat": 2.0,
      "fac_long": 2.0,
      "fac_size": 21.0,
      "inclination": 2.0,
      "ldc_q1": 2.0,
      "ldc_q2": 22.0,
      "p_rot": 48.0,
      "planet_radius": 11.0,
      "semimajor_axis": 2.0,
      "spot_flux": 11.0,
      "spot_lat": 2.0,
      "spot_long": 2.0,
      "spot_size": 12.0
    },
    "r_hat": {
      "P_orb": 7007069892978220.0,
      "ecc_h": 7007069892978220.0,
      "ecc_k": 2.71,
      "fac_flux": 7007069892978220.0,
      "fac_lat": 7007069892978220.0,
      "fac_long": 2.28,
      "fac_size": 2.53,
      "inclination": 7007069892978220.0,
      "ldc_q1": 7007069892978220.0,
      "ldc_q2": 2.28,
      "p_rot": 2.25,
      "planet_radius": 2.84,
      "semimajor_axis": 7007069892978220.0,
      "spot_flux": 2.26,
      "spot_lat": 7007069892978220.0,
      "spot_long": 7007069892978220.0,
      "spot_size": 3.6
    }
  }
}