{
  "sampler": "AffineInvariantEnsemble",
  "num_walkers": 64,
  "num_burnin": 500,
  "num_samples": 1000,
  "ndim": 17,
  "mean_acceptance_rate": 0.09862823784351349,
  "total_log_density_evals": 64000,
  "wall_time_s": 607.190167499939,
  "total_bulk_ess": 1408.0,
  "bulk_ess_per_logp_eval": 0.022,
  "posterior_means": {
    "spot_lat": 4.4207844734191895,
    "spot_long": 4.789952754974365,
    "spot_size": 11.046759605407715,
    "spot_flux": 0.701956570148468,
    "fac_lat": -18.42352294921875,
    "fac_long": 166.72169494628906,
    "fac_size": 16.11530113220215,
    "fac_flux": 1.0965417623519897,
    "p_rot": 0.15652363002300262,
    "planet_radius": 0.09925619512796402,
    "semimajor_axis": 4.209492206573486,
    "inclination": 89.9185791015625,
    "ecc_h": -0.002326922956854105,
    "ecc_k": -0.0004613535711541772,
    "P_orb": 0.9999023079872131,
    "ldc_q1": 0.40185418725013733,
    "ldc_q2": 0.19876213371753693
  },
  "ground_truth": {
    "spot_lat": 5.0,
    "spot_long": 5.0,
    "spot_size": 11.0,
    "spot_flux": 0.7,
    "fac_lat": -20.0,
    "fac_long": 165.0,
    "fac_size": 16.0,
    "fac_flux": 1.1,
    "p_rot": 0.5,
    "planet_radius": 0.1,
    "semimajor_axis": 4.208278345829606,
    "inclination": 90.0,
    "ecc_h": 0.0,
    "ecc_k": 0.0,
    "P_orb": 1.0,
    "ldc_q1": 0.3600000000000001,
    "ldc_q2": 0.3333333333333333
  },
  "param_bias": {
    "spot_lat": -0.5792155265808105,
    "spot_long": -0.21004724502563477,
    "spot_size": 0.046759605407714844,
    "spot_flux": 0.001956570148468062,
    "fac_lat": 1.57647705078125,
    "fac_long": 1.7216949462890625,
    "fac_size": 0.11530113220214844,
    "fac_flux": -0.0034582376480103427,
    "p_rot": -0.3434763699769974,
    "planet_radius": -0.0007438048720359858,
    "semimajor_axis": 0.0012138607438805238,
    "inclination": -0.0814208984375,
    "ecc_h": -0.002326922956854105,
    "ecc_k": -0.0004613535711541772,
    "P_orb": -9.769201278686523e-05,
    "ldc_q1": 0.04185418725013723,
    "ldc_q2": -0.1345711996157964
  },
  "arviz_summary": {
    "mean": {
      "P_orb": 1.0,
      "ecc_h": -0.002,
      "ecc_k": 0.0,
      "fac_flux": 1.097,
      "fac_lat": -18.424,
      "fac_long": 166.722,
      "fac_size": 16.115,
      "inclination": 89.919,
      "ldc_q1": 0.402,
      "ldc_q2": 0.199,
      "p_rot": 0.157,
      "planet_radius": 0.099,
      "semimajor_axis": 4.209,
      "spot_flux": 0.702,
      "spot_lat": 4.421,
      "spot_long": 4.79,
      "spot_size": 11.047
    },
    "sd": {
      "P_orb": 0.0,
      "ecc_h": 0.005,
      "ecc_k": 0.004,
      "fac_flux": 0.012,
      "fac_lat": 2.652,
      "fac_long": 2.437,
      "fac_size": 0.677,
      "inclination": 0.671,
      "ldc_q1": 0.007,
      "ldc_q2": 0.006,
      "p_rot": 0.474,
      "planet_radius": 0.002,
      "semimajor_axis": 0.031,
      "spot_flux": 0.012,
      "spot_lat": 0.412,
      "spot_long": 0.514,
      "spot_size": 0.185
    },
    "hdi_3%": {
      "P_orb": 1.0,
      "ecc_h": -0.01,
      "ecc_k": -0.006,
      "fac_flux": 1.08,
      "fac_lat": -22.182,
      "fac_long": 164.681,
      "fac_size": 15.404,
      "inclination": 89.0,
      "ldc_q1": 0.392,
      "ldc_q2": 0.193,
      "p_rot": -0.5,
      "planet_radius": 0.095,
      "semimajor_axis": 4.163,
      "spot_flux": 0.681,
      "spot_lat": 4.001,
      "spot_long": 4.018,
      "spot_size": 10.752
    },
    "hdi_97%": {
      "P_orb": 1.0,
      "ecc_h": 0.005,
      "ecc_k": 0.005,
      "fac_flux": 1.107,
      "fac_lat": -15.017,
      "fac_long": 169.998,
      "fac_size": 17.0,
      "inclination": 90.494,
      "ldc_q1": 0.409,
      "ldc_q2": 0.207,
      "p_rot": 0.501,
      "planet_radius": 0.101,
      "semimajor_axis": 4.287,
      "spot_flux": 0.719,
      "spot_lat": 5.015,
      "spot_long": 5.262,
      "spot_size": 11.344
    },
    "mcse_mean": {
      "P_orb": 0.0,
      "ecc_h": 0.001,
      "ecc_k": 0.0,
      "fac_flux": 0.001,
      "fac_lat": 0.323,
      "fac_long": 0.293,
      "fac_size": 0.083,
      "inclination": 0.084,
      "ldc_q1": 0.001,
      "ldc_q2": 0.001,
      "p_rot": 0.058,
      "planet_radius": 0.0,
      "semimajor_axis": 0.002,
      "spot_flux": 0.001,
      "spot_lat": 0.047,
      "spot_long": 0.064,
      "spot_size": 0.02
    },
    "mcse_sd": {
      "P_orb": 0.0,
      "ecc_h": 0.0,
      "ecc_k": 0.0,
      "fac_flux": 0.0,
      "fac_lat": 0.134,
      "fac_long": 0.085,
      "fac_size": 0.023,
      "inclination": 0.026,
      "ldc_q1": 0.0,
      "ldc_q2": 0.0,
      "p_rot": 0.019,
      "planet_radius": 0.0,
      "semimajor_axis": 0.003,
      "spot_flux": 0.001,
      "spot_lat": 0.058,
      "spot_long": 0.026,
      "spot_size": 0.021
    },
    "ess_bulk": {
      "P_orb": 106.0,
      "ecc_h": 65.0,
      "ecc_k": 80.0,
      "fac_flux": 58.0,
      "fac_lat": 74.0,
      "fac_long": 67.0,
      "fac_size": 61.0,
      "inclination": 62.0,
      "ldc_q1": 80.0,
      "ldc_q2": 64.0,
      "p_rot": 80.0,
      "planet_radius": 81.0,
      "semimajor_axis": 183.0,
      "spot_flux": 87.0,
      "spot_lat": 89.0,
      "spot_long": 77.0,
      "spot_size": 94.0
    },
    "ess_tail": {
      "P_orb": 117.0,
      "ecc_h": 90.0,
      "ecc_k": 123.0,
      "fac_flux": 114.0,
      "fac_lat": 94.0,
      "fac_long": 128.0,
      "fac_size": 109.0,
      "inclination": 133.0,
      "ldc_q1": 93.0,
      "ldc_q2": 109.0,
      "p_rot": 123.0,
      "planet_radius": 126.0,
      "semimajor_axis": 144.0,
      "spot_flux": 113.0,
      "spot_lat": 85.0,
      "spot_long": 108.0,
      "spot_size": 107.0
    },
    "r_hat": {
      "P_orb": 1.03,
      "ecc_h": 1.05,
      "ecc_k": 1.05,
      "fac_flux": 1.05,
      "fac_lat": 1.04,
      "fac_long": 1.04,
      "fac_size": 1.04,
      "inclination": 1.06,
      "ldc_q1": 1.04,
      "ldc_q2": 1.04,
      "p_rot": 1.04,
      "planet_radius": 1.03,
      "semimajor_axis": 1.02,
      "spot_flux": 1.02,
      "spot_lat": 1.05,
      "spot_long": 1.05,
      "spot_size": 1.02
    }
  }
}