{
  "sampler": "AffineInvariantEnsemble",
  "num_walkers": 64,
  "num_burnin": 1000,
  "num_samples": 2000,
  "ndim": 17,
  "mean_acceptance_rate": 0.03135088086128235,
  "total_log_density_evals": 128000,
  "wall_time_s": 47.55960594397038,
  "total_bulk_ess": 1122.0,
  "bulk_ess_per_logp_eval": 0.008765625,
  "posterior_means": {
    "spot_lat": 4.758652210235596,
    "spot_long": 4.161187171936035,
    "spot_size": 11.177083969116211,
    "spot_flux": 0.6794112920761108,
    "fac_lat": -23.584014892578125,
    "fac_long": 166.73733520507812,
    "fac_size": 16.617813110351562,
    "fac_flux": 1.0937187671661377,
    "p_rot": 0.5058306455612183,
    "planet_radius": 0.10579705983400345,
    "impact_param": 0.458712637424469,
    "inclination": 89.6807632446289,
    "ecc_h": -0.006274023093283176,
    "ecc_k": -0.0013712693471461535,
    "P_orb": 1.000044584274292,
    "ldc_q1": 0.7627841830253601,
    "ldc_q2": 0.7369943857192993
  },
  "ground_truth": {
    "spot_lat": 5.0,
    "spot_long": 5.0,
    "spot_size": 11.0,
    "spot_flux": 0.7,
    "fac_lat": -20.0,
    "fac_long": 165.0,
    "fac_size": 16.0,
    "fac_flux": 1.1,
    "p_rot": 0.5,
    "planet_radius": 0.1,
    "impact_param": 1.8394968037682702e-07,
    "inclination": 90.0,
    "ecc_h": 0.0,
    "ecc_k": 0.0,
    "P_orb": 1.0,
    "ldc_q1": 0.3600000000000001,
    "ldc_q2": 0.3333333333333333
  },
  "param_bias": {
    "spot_lat": -0.2413477897644043,
    "spot_long": -0.8388128280639648,
    "spot_size": 0.17708396911621094,
    "spot_flux": -0.020588707923889116,
    "fac_lat": -3.584014892578125,
    "fac_long": 1.737335205078125,
    "fac_size": 0.6178131103515625,
    "fac_flux": -0.0062812328338623935,
    "p_rot": 0.005830645561218262,
    "planet_radius": 0.005797059834003443,
    "impact_param": 0.4587124534747886,
    "inclination": -0.31923675537109375,
    "ecc_h": -0.006274023093283176,
    "ecc_k": -0.0013712693471461535,
    "P_orb": 4.458427429199219e-05,
    "ldc_q1": 0.40278418302536,
    "ldc_q2": 0.403661052385966
  },
  "arviz_summary": {
    "mean": {
      "P_orb": 1.0,
      "ecc_h": -0.006,
      "ecc_k": -0.001,
      "fac_flux": 1.094,
      "fac_lat": -23.584,
      "fac_long": 166.737,
      "fac_size": 16.618,
      "impact_param": 0.459,
      "inclination": 89.681,
      "ldc_q1": 0.763,
      "ldc_q2": 0.737,
      "p_rot": 0.506,
      "planet_radius": 0.106,
      "spot_flux": 0.679,
      "spot_lat": 4.759,
      "spot_long": 4.161,
      "spot_size": 11.177
    },
    "sd": {
      "P_orb": 0.001,
      "ecc_h": 0.004,
      "ecc_k": 0.006,
      "fac_flux": 0.07,
      "fac_lat": 1.619,
      "fac_long": 1.888,
      "fac_size": 0.548,
      "impact_param": 0.693,
      "inclination": 0.41,
      "ldc_q1": 0.282,
      "ldc_q2": 0.203,
      "p_rot": 0.075,
      "planet_radius": 0.01,
      "spot_flux": 0.06,
      "spot_lat": 0.578,
      "spot_long": 0.298,
      "spot_size": 0.388
    },
    "hdi_3%": {
      "P_orb": 1.0,
      "ecc_h": -0.01,
      "ecc_k": -0.008,
      "fac_flux": 1.076,
      "fac_lat": -24.702,
      "fac_long": 164.715,
      "fac_size": 15.126,
      "impact_param": -0.988,
      "inclination": 89.129,
      "ldc_q1": 0.326,
      "ldc_q2": 0.38,
      "p_rot": 0.46,
      "planet_radius": 0.095,
      "spot_flux": 0.635,
      "spot_lat": 4.0,
      "spot_long": 4.0,
      "spot_size": 10.767
    },
    "hdi_97%": {
      "P_orb": 1.001,
      "ecc_h": 0.001,
      "ecc_k": 0.01,
      "fac_flux": 1.108,
      "fac_lat": -21.761,
      "fac_long": 169.999,
      "fac_size": 17.0,
      "impact_param": 1.0,
      "inclination": 90.193,
      "ldc_q1": 1.0,
      "ldc_q2": 0.997,
      "p_rot": 0.553,
      "planet_radius": 0.124,
      "spot_flux": 0.881,
      "spot_lat": 5.516,
      "spot_long": 4.611,
      "spot_size": 11.999
    },
    "mcse_mean": {
      "P_orb": 0.0,
      "ecc_h": 0.001,
      "ecc_k": 0.001,
      "fac_flux": 0.009,
      "fac_lat": 0.198,
      "fac_long": 0.237,
      "fac_size": 0.071,
      "impact_param": 0.092,
      "inclination": 0.056,
      "ldc_q1": 0.035,
      "ldc_q2": 0.029,
      "p_rot": 0.009,
      "planet_radius": 0.001,
      "spot_flux": 0.008,
      "spot_lat": 0.07,
      "spot_long": 0.036,
      "spot_size": 0.044
    },
    "mcse_sd": {
      "P_orb": 0.0,
      "ecc_h": 0.0,
      "ecc_k": 0.0,
      "fac_flux": 0.033,
      "fac_lat": 0.369,
      "fac_long": 0.298,
      "fac_size": 0.08,
      "impact_param": 0.058,
      "inclination": 0.034,
      "ldc_q1": 0.021,
      "ldc_q2": 0.022,
      "p_rot": 0.033,
      "planet_radius": 0.002,
      "spot_flux": 0.007,
      "spot_lat": 0.031,
      "spot_long": 0.088,
      "spot_size": 0.05
    },
    "ess_bulk": {
      "P_orb": 85.0,
      "ecc_h": 78.0,
      "ecc_k": 74.0,
      "fac_flux": 75.0,
      "fac_lat": 55.0,
      "fac_long": 63.0,
      "fac_size": 68.0,
      "impact_param": 69.0,
      "inclination": 43.0,
      "ldc_q1": 69.0,
      "ldc_q2": 39.0,
      "p_rot": 52.0,
      "planet_radius": 72.0,
      "spot_flux": 63.0,
      "spot_lat": 72.0,
      "spot_long": 67.0,
      "spot_size": 78.0
    },
    "ess_tail": {
      "P_orb": 65.0,
      "ecc_h": 72.0,
      "ecc_k": 71.0,
      "fac_flux": 67.0,
      "fac_lat": 49.0,
      "fac_long": 51.0,
      "fac_size": 46.0,
      "impact_param": 81.0,
      "inclination": 68.0,
      "ldc_q1": 71.0,
      "ldc_q2": 66.0,
      "p_rot": 23.0,
      "planet_radius": 71.0,
      "spot_flux": 37.0,
      "spot_lat": 63.0,
      "spot_long": 73.0,
      "spot_size": 70.0
    },
    "r_hat": {
      "P_orb": 1.01,
      "ecc_h": 1.02,
      "ecc_k": 1.03,
      "fac_flux": 1.01,
      "fac_lat": 1.04,
      "fac_long": 1.04,
      "fac_size": 1.05,
      "impact_param": 1.02,
      "inclination": 1.07,
      "ldc_q1": 1.02,
      "ldc_q2": 1.03,
      "p_rot": 1.06,
      "planet_radius": 1.01,
      "spot_flux": 1.07,
      "spot_lat": 1.05,
      "spot_long": 1.06,
      "spot_size": 1.03
    }
  }
}