{
  "sampler": "AffineInvariantEnsemble",
  "num_walkers": 64,
  "num_burnin": 500,
  "num_samples": 1000,
  "ndim": 17,
  "mean_acceptance_rate": 0.07322228699922562,
  "total_log_density_evals": 64000,
  "wall_time_s": 35.560852200957015,
  "total_bulk_ess": 1291.0,
  "bulk_ess_per_logp_eval": 0.020171875,
  "posterior_means": {
    "spot_lat": 5.0616960525512695,
    "spot_long": 4.979367733001709,
    "spot_size": 10.962274551391602,
    "spot_flux": 0.6973305940628052,
    "fac_lat": -21.595508575439453,
    "fac_long": 164.9069061279297,
    "fac_size": 15.84867000579834,
    "fac_flux": 1.1030077934265137,
    "p_rot": 0.49995264410972595,
    "planet_radius": 0.10023929923772812,
    "semimajor_axis": 4.211642742156982,
    "inclination": 89.90081024169922,
    "ecc_h": -0.0014282048214226961,
    "ecc_k": -0.001491083181463182,
    "P_orb": 1.0002373456954956,
    "ldc_q1": 0.3632926642894745,
    "ldc_q2": 0.33200183510780334
  },
  "ground_truth": {
    "spot_lat": 5.0,
    "spot_long": 5.0,
    "spot_size": 11.0,
    "spot_flux": 0.7,
    "fac_lat": -20.0,
    "fac_long": 165.0,
    "fac_size": 16.0,
    "fac_flux": 1.1,
    "p_rot": 0.5,
    "planet_radius": 0.1,
    "semimajor_axis": 4.208278345829606,
    "inclination": 90.0,
    "ecc_h": 0.0,
    "ecc_k": 0.0,
    "P_orb": 1.0,
    "ldc_q1": 0.3600000000000001,
    "ldc_q2": 0.3333333333333333
  },
  "param_bias": {
    "spot_lat": 0.06169605255126953,
    "spot_long": -0.020632266998291016,
    "spot_size": -0.03772544860839844,
    "spot_flux": -0.00266940593719478,
    "fac_lat": -1.5955085754394531,
    "fac_long": -0.0930938720703125,
    "fac_size": -0.15132999420166016,
    "fac_flux": 0.003007793426513583,
    "p_rot": -4.735589027404785e-05,
    "planet_radius": 0.00023929923772811335,
    "semimajor_axis": 0.0033643963273766175,
    "inclination": -0.09918975830078125,
    "ecc_h": -0.0014282048214226961,
    "ecc_k": -0.001491083181463182,
    "P_orb": 0.00023734569549560547,
    "ldc_q1": 0.0032926642894743896,
    "ldc_q2": -0.00133149822552997
  },
  "arviz_summary": {
    "mean": {
      "P_orb": 1.0,
      "ecc_h": -0.001,
      "ecc_k": -0.001,
      "fac_flux": 1.103,
      "fac_lat": -21.596,
      "fac_long": 164.907,
      "fac_size": 15.849,
      "inclination": 89.901,
      "ldc_q1": 0.363,
      "ldc_q2": 0.332,
      "p_rot": 0.5,
      "planet_radius": 0.1,
      "semimajor_axis": 4.212,
      "spot_flux": 0.697,
      "spot_lat": 5.062,
      "spot_long": 4.979,
      "spot_size": 10.962
    },
    "sd": {
      "P_orb": 0.0,
      "ecc_h": 0.003,
      "ecc_k": 0.003,
      "fac_flux": 0.002,
      "fac_lat": 0.919,
      "fac_long": 0.295,
      "fac_size": 0.207,
      "inclination": 0.149,
      "ldc_q1": 0.004,
      "ldc_q2": 0.005,
      "p_rot": 0.0,
      "planet_radius": 0.0,
      "semimajor_axis": 0.016,
      "spot_flux": 0.007,
      "spot_lat": 0.23,
      "spot_long": 0.144,
      "spot_size": 0.157
    },
    "hdi_3%": {
      "P_orb": 1.0,
      "ecc_h": -0.007,
      "ecc_k": -0.006,
      "fac_flux": 1.099,
      "fac_lat": -23.456,
      "fac_long": 164.65,
      "fac_size": 15.394,
      "inclination": 89.724,
      "ldc_q1": 0.356,
      "ldc_q2": 0.322,
      "p_rot": 0.499,
      "planet_radius": 0.1,
      "semimajor_axis": 4.197,
      "spot_flux": 0.686,
      "spot_lat": 4.738,
      "spot_long": 4.808,
      "spot_size": 10.79
    },
    "hdi_97%": {
      "P_orb": 1.001,
      "ecc_h": 0.004,
      "ecc_k": 0.002,
      "fac_flux": 1.107,
      "fac_lat": -20.045,
      "fac_long": 165.287,
      "fac_size": 16.083,
      "inclination": 90.048,
      "ldc_q1": 0.371,
      "ldc_q2": 0.34,
      "p_rot": 0.5,
      "planet_radius": 0.101,
      "semimajor_axis": 4.22,
      "spot_flux": 0.706,
      "spot_lat": 5.595,
      "spot_long": 5.111,
      "spot_size": 11.132
    },
    "mcse_mean": {
      "P_orb": 0.0,
      "ecc_h": 0.0,
      "ecc_k": 0.0,
      "fac_flux": 0.0,
      "fac_lat": 0.101,
      "fac_long": 0.034,
      "fac_size": 0.027,
      "inclination": 0.02,
      "ldc_q1": 0.0,
      "ldc_q2": 0.001,
      "p_rot": 0.0,
      "planet_radius": 0.0,
      "semimajor_axis": 0.002,
      "spot_flux": 0.001,
      "spot_lat": 0.027,
      "spot_long": 0.017,
      "spot_size": 0.018
    },
    "mcse_sd": {
      "P_orb": 0.0,
      "ecc_h": 0.0,
      "ecc_k": 0.0,
      "fac_flux": 0.0,
      "fac_lat": 0.069,
      "fac_long": 0.1,
      "fac_size": 0.048,
      "inclination": 0.052,
      "ldc_q1": 0.0,
      "ldc_q2": 0.0,
      "p_rot": 0.0,
      "planet_radius": 0.0,
      "semimajor_axis": 0.007,
      "spot_flux": 0.002,
      "spot_lat": 0.019,
      "spot_long": 0.051,
      "spot_size": 0.053
    },
    "ess_bulk": {
      "P_orb": 81.0,
      "ecc_h": 76.0,
      "ecc_k": 79.0,
      "fac_flux": 66.0,
      "fac_lat": 84.0,
      "fac_long": 86.0,
      "fac_size": 59.0,
      "inclination": 55.0,
      "ldc_q1": 86.0,
      "ldc_q2": 77.0,
      "p_rot": 83.0,
      "planet_radius": 69.0,
      "semimajor_axis": 74.0,
      "spot_flux": 80.0,
      "spot_lat": 72.0,
      "spot_long": 79.0,
      "spot_size": 85.0
    },
    "ess_tail": {
      "P_orb": 117.0,
      "ecc_h": 109.0,
      "ecc_k": 97.0,
      "fac_flux": 76.0,
      "fac_lat": 84.0,
      "fac_long": 96.0,
      "fac_size": 87.0,
      "inclination": 51.0,
      "ldc_q1": 65.0,
      "ldc_q2": 94.0,
      "p_rot": 68.0,
      "planet_radius": 84.0,
      "semimajor_axis": 110.0,
      "spot_flux": 101.0,
      "spot_lat": 74.0,
      "spot_long": 81.0,
      "spot_size": 99.0
    },
    "r_hat": {
      "P_orb": 1.02,
      "ecc_h": 1.06,
      "ecc_k": 1.03,
      "fac_flux": 1.02,
      "fac_lat": 1.03,
      "fac_long": 1.01,
      "fac_size": 1.05,
      "inclination": 1.05,
      "ldc_q1": 1.02,
      "ldc_q2": 1.01,
      "p_rot": 1.04,
      "planet_radius": 1.04,
      "semimajor_axis": 1.04,
      "spot_flux": 1.01,
      "spot_lat": 1.04,
      "spot_long": 1.04,
      "spot_size": 1.02
    }
  }
}