{
  "sampler": "AffineInvariantEnsemble",
  "num_walkers": 64,
  "num_burnin": 500,
  "num_samples": 1000,
  "ndim": 17,
  "mean_acceptance_rate": 0.07937535643577576,
  "total_log_density_evals": 64000,
  "wall_time_s": 584.0203805830097,
  "total_bulk_ess": 1157.0,
  "bulk_ess_per_logp_eval": 0.018078125,
  "posterior_means": {
    "spot_lat": 5.591785907745361,
    "spot_long": 4.285027027130127,
    "spot_size": 11.610708236694336,
    "spot_flux": 0.7282145023345947,
    "fac_lat": -22.30419921875,
    "fac_long": 168.3412628173828,
    "fac_size": 15.626896858215332,
    "fac_flux": 1.102340817451477,
    "p_rot": -0.20093002915382385,
    "planet_radius": 0.09831476956605911,
    "semimajor_axis": 4.18574333190918,
    "inclination": 89.37149810791016,
    "ecc_h": 0.004213004373013973,
    "ecc_k": 0.002384164370596409,
    "P_orb": 1.0012542009353638,
    "ldc_q1": 0.40274691581726074,
    "ldc_q2": 0.1950141340494156
  },
  "ground_truth": {
    "spot_lat": 5.0,
    "spot_long": 5.0,
    "spot_size": 11.0,
    "spot_flux": 0.7,
    "fac_lat": -20.0,
    "fac_long": 165.0,
    "fac_size": 16.0,
    "fac_flux": 1.1,
    "p_rot": 0.5,
    "planet_radius": 0.1,
    "semimajor_axis": 4.208278345829606,
    "inclination": 90.0,
    "ecc_h": 0.0,
    "ecc_k": 0.0,
    "P_orb": 1.0,
    "ldc_q1": 0.3600000000000001,
    "ldc_q2": 0.3333333333333333
  },
  "param_bias": {
    "spot_lat": 0.5917859077453613,
    "spot_long": -0.714972972869873,
    "spot_size": 0.6107082366943359,
    "spot_flux": 0.02821450233459477,
    "fac_lat": -2.30419921875,
    "fac_long": 3.3412628173828125,
    "fac_size": -0.37310314178466797,
    "fac_flux": 0.002340817451476962,
    "p_rot": -0.7009300291538239,
    "planet_radius": -0.001685230433940893,
    "semimajor_axis": -0.022535013920426117,
    "inclination": -0.6285018920898438,
    "ecc_h": 0.004213004373013973,
    "ecc_k": 0.002384164370596409,
    "P_orb": 0.0012542009353637695,
    "ldc_q1": 0.042746915817260644,
    "ldc_q2": -0.13831919928391773
  },
  "arviz_summary": {
    "mean": {
      "P_orb": 1.001,
      "ecc_h": 0.004,
      "ecc_k": 0.002,
      "fac_flux": 1.102,
      "fac_lat": -22.304,
      "fac_long": 168.341,
      "fac_size": 15.627,
      "inclination": 89.371,
      "ldc_q1": 0.403,
      "ldc_q2": 0.195,
      "p_rot": -0.201,
      "planet_radius": 0.098,
      "semimajor_axis": 4.186,
      "spot_flux": 0.728,
      "spot_lat": 5.592,
      "spot_long": 4.285,
      "spot_size": 11.611
    },
    "sd": {
      "P_orb": 0.001,
      "ecc_h": 0.005,
      "ecc_k": 0.005,
      "fac_flux": 0.007,
      "fac_lat": 2.169,
      "fac_long": 2.548,
      "fac_size": 0.776,
      "inclination": 0.371,
      "ldc_q1": 0.004,
      "ldc_q2": 0.007,
      "p_rot": 0.456,
      "planet_radius": 0.003,
      "semimajor_axis": 0.032,
      "spot_flux": 0.022,
      "spot_lat": 0.628,
      "spot_long": 0.309,
      "spot_size": 0.487
    },
    "hdi_3%": {
      "P_orb": 1.0,
      "ecc_h": -0.002,
      "ecc_k": -0.004,
      "fac_flux": 1.092,
      "fac_lat": -24.967,
      "fac_long": 164.034,
      "fac_size": 15.0,
      "inclination": 89.0,
      "ldc_q1": 0.396,
      "ldc_q2": 0.19,
      "p_rot": -0.498,
      "planet_radius": 0.095,
      "semimajor_axis": 4.151,
      "spot_flux": 0.695,
      "spot_lat": 4.602,
      "spot_long": 4.046,
      "spot_size": 10.884
    },
    "hdi_97%": {
      "P_orb": 1.003,
      "ecc_h": 0.009,
      "ecc_k": 0.008,
      "fac_flux": 1.111,
      "fac_lat": -19.77,
      "fac_long": 169.998,
      "fac_size": 16.852,
      "inclination": 89.944,
      "ldc_q1": 0.407,
      "ldc_q2": 0.207,
      "p_rot": 0.502,
      "planet_radius": 0.103,
      "semimajor_axis": 4.238,
      "spot_flux": 0.746,
      "spot_lat": 6.0,
      "spot_long": 4.819,
      "spot_size": 11.983
    },
    "mcse_mean": {
      "P_orb": 0.0,
      "ecc_h": 0.001,
      "ecc_k": 0.001,
      "fac_flux": 0.001,
      "fac_lat": 0.269,
      "fac_long": 0.305,
      "fac_size": 0.096,
      "inclination": 0.045,
      "ldc_q1": 0.0,
      "ldc_q2": 0.001,
      "p_rot": 0.055,
      "planet_radius": 0.0,
      "semimajor_axis": 0.004,
      "spot_flux": 0.003,
      "spot_lat": 0.076,
      "spot_long": 0.036,
      "spot_size": 0.059
    },
    "mcse_sd": {
      "P_orb": 0.0,
      "ecc_h": 0.0,
      "ecc_k": 0.0,
      "fac_flux": 0.0,
      "fac_lat": 0.188,
      "fac_long": 0.137,
      "fac_size": 0.039,
      "inclination": 0.017,
      "ldc_q1": 0.0,
      "ldc_q2": 0.0,
      "p_rot": 0.024,
      "planet_radius": 0.0,
      "semimajor_axis": 0.011,
      "spot_flux": 0.002,
      "spot_lat": 0.034,
      "spot_long": 0.018,
      "spot_size": 0.049
    },
    "ess_bulk": {
      "P_orb": 58.0,
      "ecc_h": 73.0,
      "ecc_k": 78.0,
      "fac_flux": 54.0,
      "fac_lat": 68.0,
      "fac_long": 74.0,
      "fac_size": 65.0,
      "inclination": 62.0,
      "ldc_q1": 75.0,
      "ldc_q2": 59.0,
      "p_rot": 72.0,
      "planet_radius": 60.0,
      "semimajor_axis": 74.0,
      "spot_flux": 74.0,
      "spot_lat": 60.0,
      "spot_long": 84.0,
      "spot_size": 67.0
    },
    "ess_tail": {
      "P_orb": 69.0,
      "ecc_h": 76.0,
      "ecc_k": 85.0,
      "fac_flux": 85.0,
      "fac_lat": 72.0,
      "fac_long": 75.0,
      "fac_size": 72.0,
      "inclination": 58.0,
      "ldc_q1": 65.0,
      "ldc_q2": 70.0,
      "p_rot": 143.0,
      "planet_radius": 61.0,
      "semimajor_axis": 82.0,
      "spot_flux": 106.0,
      "spot_lat": 150.0,
      "spot_long": 92.0,
      "spot_size": 59.0
    },
    "r_hat": {
      "P_orb": 1.01,
      "ecc_h": 1.03,
      "ecc_k": 1.01,
      "fac_flux": 1.01,
      "fac_lat": 1.01,
      "fac_long": 1.01,
      "fac_size": 1.01,
      "inclination": 1.02,
      "ldc_q1": 1.02,
      "ldc_q2": 1.01,
      "p_rot": 1.02,
      "planet_radius": 1.01,
      "semimajor_axis": 1.01,
      "spot_flux": 1.02,
      "spot_lat": 1.02,
      "spot_long": 1.01,
      "spot_size": 1.02
    }
  }
}